,experience_level,employment_type,job_title,company_location,company_size
2485,SE,FT,Data Analyst,US,M
2985,MI,FT,Data Scientist,NL,M
417,SE,FT,Data Scientist,US,M
2324,SE,FT,Analytics Engineer,US,M
1418,SE,FT,Data Scientist,US,M
3031,SE,FT,Data Architect,US,M
2256,SE,FT,Data Analyst,US,M
2404,SE,FT,Data Engineer,US,M
3241,MI,FT,Data Scientist,GB,M
694,EN,FT,Data Engineer,US,M
582,EN,FT,Data Scientist,US,M
773,SE,FT,Data Engineer,US,M
1861,MI,FT,Data Analyst,US,M
24,SE,FT,Analytics Engineer,GB,M
786,SE,FT,Data Scientist,US,M
1186,SE,FT,Machine Learning Engineer,US,M
170,SE,FT,Analytics Engineer,US,M
3148,SE,FT,Data Analyst,US,M
1482,MI,FT,Data Analyst,US,M
930,SE,FT,Data Scientist,US,M
2784,MI,FT,Business Data Analyst,US,L
1073,SE,FT,Data Scientist,US,M
2799,SE,FT,Data Engineer,US,M
597,EN,FT,Data Analyst,US,M
2513,MI,FT,ML Engineer,US,M
3097,MI,FT,Data Scientist,DE,S
2598,SE,FT,Data Scientist,US,M
50,SE,FT,Data Scientist,US,M
1444,EN,FT,Marketing Data Engineer,SG,L
2464,SE,FT,Data Scientist,US,M
2261,MI,FT,Data Analyst,US,M
3450,MI,FT,Machine Learning Scientist,US,M
1123,SE,FT,Machine Learning Engineer,US,M
2700,MI,FT,Data Analytics Engineer,US,L
2920,SE,FT,Analytics Engineer,US,M
759,SE,FT,Data Operations Engineer,US,M
1223,EN,FT,Data Analyst,US,L
27,SE,FT,Machine Learning Engineer,US,M
1178,SE,FT,Data Scientist,US,M
315,SE,FT,Data Scientist,US,M
2533,SE,FT,Data Scientist,US,M
2041,EN,FT,Data Analyst,US,L
852,SE,FT,Data Analyst,US,M
1815,SE,FT,Machine Learning Engineer,US,L
6,SE,FT,Applied Scientist,US,L
336,MI,FT,Data Scientist,US,M
1824,SE,FT,Data Engineer,US,M
3636,MI,FT,Data Engineer,US,M
3573,MI,FT,Data Engineer,GB,L
73,SE,FT,Data Scientist,US,M
120,SE,FT,Analytics Engineer,US,M
2947,SE,FT,Data Scientist,US,L
572,SE,FT,Data Analyst,US,M
3352,SE,FT,Data Engineer,US,M
1877,EN,FT,Data Engineer,US,M
940,SE,FT,Analytics Engineer,US,M
1304,SE,FT,Data Analyst,US,M
136,MI,FT,Data Engineer,US,M
2590,SE,FT,Data Scientist,US,M
3518,EX,FT,Head of Data Science,RU,M
2344,SE,FT,Data Scientist,US,M
3274,EX,FT,Data Analyst,US,M
1249,SE,FT,Research Scientist,ES,M
1432,MI,FT,Machine Learning Engineer,US,M
2736,SE,FT,Data Architect,US,M
1519,SE,FT,Data Scientist,US,M
249,SE,FT,Data Scientist,GB,L
1736,MI,FT,Data Engineer,US,M
1152,SE,FT,Data Engineer,US,M
2455,SE,FT,Data Scientist,US,M
1052,SE,FT,Data Analyst,US,M
171,SE,FT,Data Engineer,US,M
3224,MI,FT,Machine Learning Engineer,IT,L
2724,SE,FT,Data Analyst,US,M
3205,MI,FT,Data Engineer,GR,M
3494,MI,FT,Data Scientist,IN,S
3680,MI,FT,Machine Learning Engineer,PL,L
52,SE,FT,Data Scientist,US,M
896,MI,FT,Data Scientist,US,M
1094,SE,FT,Data Engineer,US,M
2966,SE,FT,Lead Machine Learning Engineer,IN,L
982,SE,FT,Data Analyst,US,M
1040,SE,FT,Data Quality Analyst,US,M
353,SE,FT,Data Quality Analyst,US,M
2244,SE,FT,Data Engineer,US,M
3745,SE,FT,Director of Data Science,JP,S
1160,MI,FT,Data Engineer,US,M
1372,SE,FT,Data Engineer,US,M
1202,SE,FT,Data Scientist,US,M
484,MI,FT,Research Scientist,US,M
850,MI,FT,Data Engineer,US,M
3071,EN,FT,Data Analyst,US,S
43,EN,FT,Applied Scientist,US,L
3098,SE,FT,Data Science Manager,US,M
2790,SE,FT,Data Architect,US,L
2187,MI,FT,Data Analyst,US,M
2679,SE,FT,Lead Data Scientist,US,L
314,SE,FT,Data Scientist,US,M
2036,SE,FT,Data Engineer,US,M
1282,SE,FT,Data Science Lead,US,M
2425,SE,FT,Data Architect,US,M
1459,SE,FT,Data Engineer,US,M
470,MI,FT,Data Engineer,US,M
1918,MI,FT,Data Scientist,US,M
3652,MI,FT,Data Scientist,US,L
200,SE,FT,Data Architect,US,M
1227,SE,FT,Data Engineer,US,M
747,EN,FT,Research Scientist,US,M
3394,SE,FT,Data Analyst,US,M
2738,SE,FT,Analytics Engineer,US,M
1458,SE,FT,Data Engineer,US,M
1690,SE,FT,Data Engineer,US,M
2877,SE,FT,Data Engineer,US,M
2711,EX,FT,Data Engineer,US,M
2988,SE,FT,Data Engineer,US,M
432,SE,FT,Machine Learning Engineer,US,M
3457,MI,FT,Research Scientist,CZ,L
3236,SE,FT,Data Engineer,US,M
1632,SE,FT,ML Engineer,US,M
2102,SE,FT,Data Scientist,US,M
2951,SE,FT,ETL Developer,US,M
1936,SE,FT,Machine Learning Engineer,US,M
3740,SE,FT,Data Science Manager,US,M
1056,SE,FT,Data Analyst,US,M
2849,SE,FT,Director of Data Science,FR,L
2586,SE,FT,Data Scientist,US,M
2983,SE,FT,Data Analyst,US,M
792,SE,FT,Data Engineer,US,M
1714,SE,FT,NLP Engineer,US,M
3386,SE,FT,Data Engineer,US,M
113,EN,FT,Research Scientist,US,L
2863,SE,FT,Data Engineer,US,M
1644,SE,FT,Data Lead,US,M
3025,SE,FT,Data Scientist,US,M
1047,SE,FT,Data Engineer,US,M
1656,MI,FT,Data Analyst,US,M
2043,SE,FT,Data Engineer,US,M
1099,SE,FT,Data Scientist,US,M
3076,SE,FT,Data Engineer,US,M
1388,SE,FT,Data Engineer,US,M
3371,SE,FT,Data Engineer,US,M
2645,SE,FT,Data Scientist,ES,M
2622,SE,FT,Data Scientist,US,M
2442,SE,FT,Data Scientist,US,M
1154,EX,FT,Data Engineer,US,M
719,SE,FT,Research Scientist,US,M
2841,SE,FT,Data Scientist,US,M
799,SE,FT,Data Architect,US,M
1167,SE,FT,Data Science Lead,US,M
3267,SE,FT,Data Scientist,US,M
1143,SE,FT,Data Engineer,US,M
926,SE,FT,Data Engineer,US,M
80,MI,FT,Data Scientist,HK,L
3747,MI,FT,Applied Machine Learning Scientist,US,L
2127,SE,FT,Data Specialist,US,M
1309,SE,FT,Data Scientist,US,M
1127,SE,FT,Machine Learning Engineer,US,M
1896,MI,FT,Data Scientist,GB,M
2563,SE,FT,Data Engineer,US,L
2172,MI,FT,Machine Learning Researcher,CA,L
70,SE,FT,Data Engineer,US,M
150,SE,FT,Data Scientist,US,M
1898,MI,FT,Data Engineer,US,M
2271,SE,FT,Data Engineer,US,M
2982,SE,FT,Data Analyst,US,M
1848,MI,FT,Data Engineer,US,M
1807,SE,FT,Data Engineer,US,M
3537,MI,PT,3D Computer Vision Researcher,IN,M
2568,MI,FT,Data Scientist,BR,M
2326,SE,FT,Analytics Engineer,US,M
1466,SE,FT,Data Manager,US,M
2761,SE,FT,Data Scientist,US,M
3280,SE,FT,Data Scientist,US,M
1437,SE,FT,Data Analyst,US,M
907,SE,FT,Data Manager,US,M
2200,SE,FT,Data Engineer,ES,M
3015,SE,FT,Data Analyst,GB,M
463,SE,FT,Data Scientist,US,M
3143,EN,FT,Machine Learning Engineer,US,L
1751,SE,FT,Research Scientist,US,M
2163,SE,FT,Data Engineer,US,M
2794,SE,FT,Data Architect,US,L
3029,SE,FT,Data Engineer,US,M
442,SE,FT,Applied Scientist,US,L
1602,SE,FT,Data Engineer,US,M
1744,EN,FT,Data Engineer,US,M
1392,SE,FT,Data Analyst,US,M
1266,SE,FT,Data Architect,US,M
1603,SE,FT,Machine Learning Engineer,LV,M
1954,SE,FT,Data Analyst,US,M
2896,SE,FT,Data Scientist,US,M
673,MI,FT,Data Analyst,US,M
2753,SE,FT,Data Scientist,US,M
1158,SE,FT,Data Scientist,US,M
794,SE,FT,Data Science Manager,US,M
2825,SE,FT,Machine Learning Scientist,US,M
1417,SE,FT,Data Scientist,US,M
3502,MI,FT,Data Engineer,US,L
2339,SE,FT,Data Scientist,ES,M
3752,EN,FT,Data Scientist,US,S
1703,MI,FT,Data Scientist,US,M
1820,EN,FT,Data Engineer,US,M
2508,SE,FT,Data Operations Analyst,US,M
1599,SE,FT,Data Scientist,US,M
512,SE,FT,Data Engineer,US,M
782,SE,FT,Analytics Engineer,US,M
1441,MI,FT,Data Analyst,US,M
869,MI,FT,Data Engineer,US,M
1240,MI,FT,Data Analyst,US,M
3,SE,FT,Data Scientist,CA,M
570,SE,FT,Data Analyst,US,M
3483,SE,FT,Principal Data Scientist,DE,M
2999,SE,FT,Data Engineer,US,M
2032,MI,FT,Data Analyst,IN,L
2714,SE,FT,Data Engineer,US,M
1568,EN,FT,Data Engineer,US,M
526,SE,FT,Research Scientist,US,M
2660,SE,FT,Data Architect,US,M
1409,SE,FT,Data Manager,US,M
3691,MI,FT,BI Data Analyst,US,M
2351,MI,FT,Data Analyst,US,M
3398,MI,FT,Data Analyst,US,M
1325,MI,FT,Data Engineer,GB,M
1004,SE,FT,Data Analyst,US,M
2295,SE,FT,Data Management Specialist,IT,L
1794,SE,FT,Data Engineer,US,M
2363,SE,FT,Data Scientist,US,M
1007,EX,FT,Data Engineer,US,M
3144,MI,FT,Data Engineer,GB,M
3104,SE,FT,Data Analyst,US,M
2827,EX,FT,Data Science Manager,US,M
1645,SE,FT,Data Engineer,US,M
3285,SE,FT,Data Scientist,US,M
1067,SE,FT,Data Engineer,US,M
153,MI,FT,Data Engineer,US,M
2056,SE,FT,Data Analyst,US,M
111,SE,FT,Research Engineer,US,M
3292,SE,FT,Data Engineer,US,L
1326,MI,FT,Data Engineer,GB,M
520,SE,FT,Data Scientist,US,M
1661,MI,FT,Data Engineer,US,M
1151,SE,FT,Data Engineer,US,M
2263,SE,FT,Data Scientist,US,M
3228,MI,FT,Machine Learning Scientist,US,L
939,SE,FT,Data Scientist,US,M
612,EN,FT,Data Engineer,US,M
1415,EN,FT,Data Engineer,US,M
2980,EX,FT,Analytics Engineer,US,M
75,SE,FT,Computer Vision Engineer,US,M
2473,SE,FT,Machine Learning Engineer,CA,M
971,EN,PT,Data Analyst,US,S
839,SE,FT,Machine Learning Engineer,US,M
3220,MI,FT,Data Engineer,GR,M
1428,EX,FT,Data Engineer,US,M
2154,SE,FT,Data Engineer,US,M
527,MI,FT,Machine Learning Engineer,US,L
2276,MI,FT,Data Engineer,US,M
1201,SE,FT,Data Scientist,US,M
2981,EX,FT,Analytics Engineer,US,M
2618,SE,FT,Analytics Engineer,US,M
1032,SE,FT,Data Manager,GB,M
2913,EN,FT,Data Engineer,US,L
1252,MI,FT,Data Scientist,US,M
2228,SE,FT,Data Scientist,US,M
2112,MI,FT,Data Engineer,LT,M
1403,EN,FT,BI Developer,US,M
3523,MI,FT,Data Analyst,FR,L
1991,SE,FT,Data Scientist,US,M
2226,MI,FT,Data Scientist,US,M
1559,SE,FT,Data Science Manager,US,M
2265,MI,FT,Data Analyst,US,M
2483,SE,FT,Data Analyst,US,M
2415,MI,FT,Data Analyst,US,M
126,SE,FT,Data Engineer,US,M
1241,SE,FT,Data Analyst,US,M
1932,EX,FT,Data Engineer,US,M
1426,SE,FT,Machine Learning Engineer,US,M
3688,MI,FT,Data Scientist,DE,L
478,EX,FT,Director of Data Science,US,M
1939,SE,FT,Data Engineer,US,M
2019,SE,FT,BI Developer,US,M
741,SE,FT,Data Engineer,US,M
412,EX,FT,Data Architect,US,M
1821,SE,FT,Manager Data Management,US,L
2268,EN,FT,Data Engineer,US,M
2984,MI,FT,Data Scientist,NL,M
2156,MI,FT,Data Scientist,US,M
1850,EN,FT,AI Programmer,AU,M
1539,SE,FT,Data Engineer,US,M
309,SE,FT,Data Analyst,US,M
665,SE,FT,Data Analyst,US,M
966,SE,FT,Data Scientist,US,M
3085,SE,FT,Data Engineer,US,M
1844,MI,FT,Data Scientist,US,M
3710,EN,PT,Data Scientist,IT,S
3165,MI,FT,Data Engineer,GB,M
3612,SE,FT,Data Analyst,US,L
1588,SE,FT,Data Architect,US,M
3200,MI,FT,Data Engineer,ES,M
1672,SE,FT,Research Scientist,US,M
2302,SE,FT,Data Analyst,US,M
392,EN,FT,BI Data Engineer,US,M
942,SE,FT,Machine Learning Engineer,US,M
718,SE,FT,Research Scientist,US,M
955,MI,FT,Data Analytics Manager,US,M
3060,EN,FT,Machine Learning Research Engineer,IN,M
2587,SE,FT,Data Scientist,US,M
2204,SE,FT,Data Engineer,US,M
1301,SE,FT,Data Scientist,US,M
2878,SE,FT,Data Engineer,US,M
2467,MI,FT,Data Analyst,US,M
822,SE,FT,Data Scientist,US,M
3049,SE,FT,Data Engineer,US,M
1242,SE,FT,Data Analyst,US,M
110,SE,FT,Data Engineer,US,M
3234,MI,FT,Data Analyst,US,S
2391,MI,FT,Data Engineer,US,M
745,EX,FT,Data Engineer,US,M
2876,SE,FT,Analytics Engineer,US,M
1802,SE,FT,Data Engineer,US,M
3376,SE,FT,Data Scientist,US,M
9,SE,FT,Data Scientist,US,M
2249,SE,FT,Data Scientist,ES,M
2134,SE,FT,Data Engineer,US,M
3263,MI,FT,Data Engineer,US,M
911,SE,FT,Data Engineer,US,M
1072,SE,FT,Data Analyst,US,M
1170,SE,FT,Data Scientist,US,M
1957,SE,FT,Data Scientist,US,M
2582,SE,FT,Data Scientist,US,M
740,MI,FT,Machine Learning Engineer,US,M
546,SE,FT,Analytics Engineer,US,M
578,MI,FT,Data Analyst,US,M
3647,SE,FT,Data Scientist,US,L
1983,MI,FT,Data Analyst,US,M
1574,SE,FT,Data Scientist,US,M
2956,SE,FT,Data Engineer,CA,M
3180,SE,FT,Machine Learning Engineer,US,M
2531,SE,FT,Data Operations Engineer,US,M
2005,SE,FT,Machine Learning Engineer,US,M
2757,SE,FT,Data Scientist,US,M
366,MI,FT,Data Analyst,US,M
272,SE,FT,Applied Scientist,US,L
2584,SE,FT,Data Scientist,US,M
2246,MI,FT,Deep Learning Engineer,GB,M
2132,MI,FT,Data Analyst,US,M
3100,SE,FT,Data Engineer,US,M
2865,SE,FT,Data Scientist,US,M
3137,SE,FT,Machine Learning Engineer,US,L
810,MI,FT,Data Science Manager,US,M
932,MI,FT,Data Engineer,GB,M
2439,MI,FT,Data Scientist,US,M
2203,SE,FT,Data Engineer,US,M
648,SE,FT,Data Analyst,US,M
1836,SE,FT,Data Engineer,US,M
1246,SE,FT,Data Engineer,US,M
422,SE,FT,Data Analyst,US,M
2834,EN,FT,Machine Learning Developer,TH,L
3681,MI,FT,Data Analyst,PK,L
492,EN,FT,Business Data Analyst,ES,M
1163,MI,FT,Data Analyst,HR,M
3568,SE,FT,Data Engineer,US,M
592,MI,FT,Data Scientist,DE,M
2296,SE,FT,Data Analyst,US,M
3603,MI,FT,Data Analyst,US,L
3368,EN,FT,Data Analyst,CA,M
1669,SE,FT,Data Science Engineer,US,M
1835,SE,FT,Data Engineer,US,M
259,SE,FT,Data Engineer,US,M
663,SE,FT,Data Engineer,US,M
260,SE,FT,Data Scientist,US,M
2885,SE,FT,Data Scientist,US,M
2169,SE,FT,Data Analyst,GB,M
1993,SE,FT,Data Analyst,US,M
1924,EX,FT,Data Engineer,US,M
342,SE,FT,Machine Learning Engineer,US,M
2609,SE,FT,Data Scientist,US,M
2620,SE,FT,Data Science Consultant,US,M
523,MI,FT,Data Architect,US,M
2170,SE,FT,Data Analyst,US,M
3084,SE,FT,Data Engineer,US,M
3177,SE,FT,Data Scientist,US,M
1347,EN,FT,Data Scientist,US,M
1394,SE,FT,Data Engineer,US,M
3540,MI,FT,Machine Learning Engineer,ES,S
2944,SE,FT,Analytics Engineer,US,M
1323,SE,FT,Data Engineer,US,M
2306,SE,FT,Data Engineer,US,M
2180,EN,FT,Machine Learning Engineer,US,M
2257,MI,FT,Analytics Engineer,GB,M
3030,SE,FT,Data Engineer,US,M
398,MI,FT,Data Engineer,US,M
2422,EN,FT,Data Manager,US,M
3685,EN,FT,Data Science Consultant,IN,M
2816,SE,FT,Data Scientist,US,L
1022,SE,FT,Research Engineer,DE,S
562,MI,FT,Data Analyst,US,M
3539,MI,FT,Applied Data Scientist,CA,L
1897,MI,FT,Data Engineer,US,M
2636,MI,FT,ML Engineer,US,L
3068,EX,FT,Data Science Manager,US,M
2949,SE,FT,Data Engineer,US,M
453,MI,FT,Data Analyst,GB,M
2234,EN,FT,Data Science Consultant,ES,L
1629,MI,FT,Machine Learning Engineer,US,M
655,SE,FT,Data Engineer,US,M
181,MI,FT,Data Scientist,GB,M
2592,MI,FT,Data Analyst,US,M
355,SE,FT,Data Scientist,US,M
1776,SE,FT,Data Architect,US,M
1125,MI,FT,Data Infrastructure Engineer,US,M
3128,MI,FT,Data Scientist,US,L
797,EX,FT,Data Engineer,US,M
1361,SE,FT,Data Engineer,US,M
160,SE,FT,Data Engineer,US,M
1919,MI,FT,NLP Engineer,PL,S
3147,SE,FT,Data Scientist,US,M
3719,SE,FT,Data Science Manager,FR,L
860,EX,FT,Data Engineer,US,M
1907,SE,FT,Data Science Manager,US,M
2350,MI,FT,Data Analyst,US,M
1035,EX,FT,Head of Data Science,GB,M
3467,EN,FT,Data Scientist,US,M
2358,EN,FT,Data Scientist,HU,M
594,SE,FT,Data Engineer,US,M
1531,SE,FT,Data Engineer,US,M
3122,SE,FT,Data Scientist,US,L
364,SE,FT,Data Scientist,US,M
1063,SE,FT,Machine Learning Infrastructure Engineer,US,M
1206,MI,FT,Machine Learning Engineer,GB,M
1028,SE,FT,Machine Learning Engineer,US,M
3654,SE,FT,Data Science Manager,US,L
1027,SE,FT,Data Engineer,US,M
2369,MI,FT,Machine Learning Engineer,GB,M
2845,MI,FT,Data Manager,US,M
2109,SE,FT,Data Engineer,US,M
3659,MI,FT,Data Scientist,IN,L
1905,SE,FT,Data Engineer,US,M
2069,MI,FT,Machine Learning Engineer,US,M
813,MI,FT,Data Science Consultant,US,M
1251,MI,FT,Data Scientist,US,M
3527,EN,FT,Data Scientist,UA,L
943,SE,FT,Machine Learning Engineer,US,M
3370,SE,FT,Data Engineer,US,M
1750,EN,FT,Research Engineer,US,M
3277,SE,FT,Data Analyst,US,M
2537,SE,FT,Data Scientist,US,L
2410,MI,FT,Data Analyst,US,M
3178,SE,FT,Data Scientist,US,M
1343,SE,FT,Data Scientist,US,M
2810,MI,FT,Data Engineer,GB,M
534,SE,FT,Data Scientist,US,M
1350,SE,FT,BI Developer,US,M
326,MI,FT,Machine Learning Engineer,US,M
3587,SE,FT,Data Engineer,US,L
1789,SE,FT,Data Scientist,US,M
3498,EN,FT,ML Engineer,PT,L
252,SE,FT,Data Analyst,US,M
842,MI,FT,Data Engineer,US,M
714,SE,FT,Data Scientist,US,M
2992,SE,FT,Data Science Manager,US,M
1978,SE,FT,Machine Learning Engineer,US,M
637,SE,FT,Data Engineer,US,M
2120,SE,FT,Data Analyst,AU,L
434,MI,FT,Data Manager,US,M
2527,MI,FT,Data Analyst,US,M
788,SE,FT,Machine Learning Engineer,US,M
3373,SE,FT,Data Analyst,US,M
1339,SE,FT,Director of Data Science,CA,M
345,SE,FT,Data Engineer,US,M
2066,SE,FT,Data Scientist,US,M
189,SE,FT,Data Engineer,US,M
2151,MI,FT,Data Scientist,DE,M
215,SE,FT,Data Analyst,US,M
2371,SE,FT,Data Scientist,US,M
2514,SE,FT,Data Engineer,US,M
918,SE,FT,Data Analyst,US,M
423,SE,FT,Data Engineer,US,M
3507,MI,FT,Research Scientist,FR,M
3442,MI,FT,Machine Learning Engineer,AU,L
2013,SE,FT,Data Analyst,ES,M
3613,SE,FT,Big Data Engineer,GB,M
2297,SE,FT,Data Analyst,US,M
1344,SE,FT,Data Scientist,GB,M
3343,SE,FT,Data Architect,US,M
3059,EN,FT,Data Analyst,US,L
793,SE,FT,Data Science Manager,US,M
1942,MI,FT,Data Engineer,US,M
2993,SE,FT,Data Science Manager,US,M
3218,MI,FT,Data Scientist,GB,M
3345,SE,FT,Data Engineer,US,M
1570,MI,FT,Data Engineer,US,M
1775,SE,FT,Computer Vision Engineer,US,M
3590,SE,FT,Research Scientist,PT,L
1239,MI,FT,Data Analyst,US,M
1342,SE,FT,Data Scientist,US,M
376,SE,FT,Data Analytics Manager,US,M
3300,SE,FT,Data Analyst,US,M
3367,MI,FT,Data Scientist,US,M
3687,EN,PT,Computer Vision Engineer,DK,S
1723,SE,FT,Data Engineer,US,M
3305,SE,FT,Data Engineer,US,M
1868,SE,FT,Lead Data Scientist,IN,L
3485,MI,FT,Applied Machine Learning Scientist,US,M
2440,SE,FT,Data Engineer,US,M
1179,SE,FT,Machine Learning Engineer,US,M
3509,MI,FT,Data Architect,US,L
3451,SE,FT,Data Scientist,US,M
2759,SE,FT,Data Scientist,US,M
1453,SE,FT,Data Analyst,US,M
3436,SE,FT,Head of Data,SI,L
3555,MI,FT,BI Data Analyst,US,M
3223,MI,FT,Data Engineer,GB,M
2815,MI,FT,Data Operations Engineer,US,M
501,SE,FT,Data Scientist,US,M
769,SE,FT,Machine Learning Engineer,GB,M
3469,MI,FT,Data Scientist,CH,L
1117,SE,FT,Machine Learning Engineer,US,M
2434,MI,FT,Machine Learning Engineer,US,M
2037,SE,FT,Data Engineer,ES,M
1730,SE,FT,Data Engineer,US,M
3416,SE,FT,Data Engineer,US,M
1333,SE,FT,Research Engineer,US,M
1813,MI,FT,Data Analyst,US,M
3635,MI,FT,Data Engineer,US,M
3750,SE,FT,Data Scientist,US,L
2942,SE,FT,Data Scientist,US,M
2914,EX,FT,Machine Learning Scientist,US,S
322,EN,FT,Data Analyst,CA,L
1676,SE,FT,Data Science Manager,US,M
3619,SE,FT,Machine Learning Engineer,US,L
1965,SE,FT,Data Scientist,US,M
2933,MI,CT,Analytics Engineer,BO,M
680,SE,FT,Data Analyst,US,M
3656,EN,FT,Machine Learning Engineer,CO,M
3632,EN,FT,Data Analyst,US,L
2651,SE,FT,Big Data Engineer,CA,M
2731,SE,FT,Machine Learning Engineer,US,M
2639,SE,FT,Data Analyst,US,M
2481,EN,FT,BI Analyst,US,L
1287,SE,FT,Machine Learning Engineer,US,M
2762,SE,FT,Machine Learning Engineer,PR,M
2989,SE,FT,Data Engineer,US,M
2333,SE,FT,Machine Learning Engineer,US,M
3711,MI,FT,Data Engineer,US,L
3079,MI,FT,Analytics Engineer,US,M
756,SE,FT,Data Engineer,US,M
733,SE,FT,Data Analyst,US,M
349,EN,FT,Applied Scientist,US,L
224,SE,FT,Data Engineer,US,M
3197,MI,FT,Data Analyst,GB,M
2014,SE,FT,Data Analyst,ES,M
924,SE,FT,Data Engineer,US,M
97,SE,FT,Data Engineer,US,M
2438,MI,FT,Data Scientist,US,M
2574,SE,FT,Data Engineer,US,M
2704,SE,FT,Machine Learning Engineer,CA,M
350,SE,FT,Data Engineer,US,M
1681,SE,FT,Data Scientist,US,M
2289,SE,FT,Applied Scientist,US,M
2558,SE,FT,Data Engineer,US,M
1770,SE,FT,Machine Learning Engineer,US,M
1652,SE,FT,Data Scientist,US,M
698,SE,FT,Data Scientist,US,M
89,SE,FT,Data Engineer,US,M
1020,MI,FT,Data Engineer,US,M
3339,MI,FT,Data Analyst,CA,M
2694,SE,FT,Data Engineer,US,M
1058,SE,FT,Data Analyst,US,M
593,SE,FT,Data Engineer,US,M
1413,SE,FT,Data Analyst,US,M
3582,SE,FT,Lead Data Engineer,US,L
1737,MI,FT,Data Engineer,US,M
3288,SE,FT,Data Analyst,CA,M
3350,MI,FT,Data Engineer,US,M
367,MI,FT,Research Scientist,GB,M
338,SE,FT,Data Analyst,CA,M
2364,SE,FT,Data Analyst,US,M
808,SE,FT,BI Analyst,US,M
3126,MI,FT,AI Scientist,US,M
1423,SE,FT,Data Analyst,US,M
1278,MI,FT,Data Analyst,GB,M
3620,MI,PT,Data Engineer,NL,L
1371,MI,FT,Data Engineer,US,M
552,MI,FT,Data Engineer,US,M
902,SE,FT,Data Scientist,US,M
3253,SE,FT,Data Scientist,US,L
1464,MI,FT,Data Science Manager,US,M
173,SE,FT,Applied Scientist,US,L
1563,SE,FT,Data Analyst,ES,M
226,SE,FT,Data Engineer,US,M
1439,SE,FT,Data Engineer,US,M
899,SE,FT,Data Scientist,US,M
3150,SE,FT,ML Engineer,US,M
1358,SE,FT,Data Scientist,US,M
2791,SE,FT,Data Architect,US,L
3106,SE,FT,Machine Learning Engineer,US,M
3378,SE,FT,Data Scientist,US,M
1457,SE,FT,Data Engineer,US,M
2648,MI,FT,Data Analyst,US,M
1869,MI,FT,Data Engineer,US,M
2638,SE,FT,Data Analyst,US,M
3583,SE,FT,Data Engineer,US,L
1254,SE,FT,Data Engineer,US,M
2867,MI,FT,Data Analyst,US,L
920,SE,FT,Data Scientist,US,M
2561,SE,FT,Data Analyst,US,M
1412,EN,FT,Big Data Engineer,SE,S
2264,SE,FT,Data Scientist,US,M
847,SE,FT,Machine Learning Engineer,US,M
346,SE,FT,Data Scientist,US,M
154,MI,FT,Data Engineer,US,M
3189,SE,FT,Data Engineer,US,M
1806,SE,FT,Data Engineer,US,M
3369,EN,FT,Data Analyst,CA,M
2253,EN,FL,Machine Learning Engineer,IR,M
2518,SE,FT,Machine Learning Engineer,US,M
3577,MI,FT,Computer Vision Software Engineer,US,S
690,MI,FT,Data Scientist,US,M
163,SE,FT,Applied Scientist,US,L
2548,MI,FT,Analytics Engineer,BR,M
701,SE,FT,Applied Scientist,US,L
1546,MI,FT,Applied Data Scientist,KE,S
1470,SE,FT,Analytics Engineer,US,M
2008,MI,FT,Data Engineer,US,M
2840,EN,FT,Data Analyst,BR,L
3625,SE,FT,AI Scientist,ES,L
1509,SE,FT,Data Engineer,US,M
1506,MI,FT,Data Engineer,US,M
1257,EN,FT,Data Engineer,VN,L
84,MI,FT,Machine Learning Engineer,NL,L
1237,SE,FT,Data Analyst,US,M
640,SE,FT,Data Scientist,US,M
1604,SE,FT,Machine Learning Engineer,LV,M
3088,SE,FT,Data Engineer,US,L
633,SE,FT,Data Scientist,US,M
1636,SE,FT,Data Scientist,US,M
244,SE,FT,Data Scientist,US,M
2658,SE,FT,Data Engineer,US,M
316,SE,FT,Data Manager,US,M
1825,SE,FT,Data Engineer,US,M
675,SE,FT,Data Architect,GB,M
1114,SE,FT,Data Engineer,US,M
1945,SE,FT,Data Scientist,US,M
1362,SE,FT,Machine Learning Engineer,US,M
1628,MI,FT,Machine Learning Engineer,US,M
49,SE,FT,Data Scientist,US,M
3002,SE,FT,Data Engineer,US,M
1663,SE,FT,Data Architect,US,M
329,SE,FT,Data Architect,US,M
1955,SE,FT,Data Analyst,US,M
2801,SE,FT,Data Engineer,US,M
1445,SE,FT,Data Scientist,EE,L
3320,SE,FT,Data Scientist,US,M
2674,SE,FT,Applied Scientist,US,M
3439,MI,FT,Data Scientist,US,M
2943,SE,FT,Lead Data Scientist,PT,S
1338,MI,FT,Data Engineer,ES,M
372,MI,FT,Data Specialist,US,M
1598,SE,FT,Data Science Consultant,US,M
3713,SE,FT,Data Scientist,US,L
1564,SE,FT,Data Analyst,ES,M
1077,SE,FT,Data Engineer,US,M
2458,SE,FT,Data Engineer,US,M
1886,SE,FT,Data Scientist,US,M
2065,SE,FT,Data Scientist,US,M
1973,SE,FT,Data Analyst,US,M
1695,SE,FT,Applied Scientist,US,L
2749,SE,FT,Data Scientist,US,M
1633,SE,FT,Data Scientist,US,M
2048,SE,FT,Data Architect,US,M
3420,EX,FT,Director of Data Science,CA,L
382,SE,FT,Data Analyst,US,M
543,SE,FT,Data Analyst,US,M
1124,SE,FT,Machine Learning Engineer,US,M
882,SE,FT,Data Analyst,US,M
3468,SE,FT,Applied Data Scientist,US,L
2196,MI,FT,Data Analyst,US,M
1302,EX,FT,Data Engineer,US,M
2642,SE,FT,Data Scientist,US,M
2546,MI,FT,Data Scientist,MX,L
2175,SE,FT,Data Architect,US,M
575,SE,FT,Data Engineer,CA,M
2390,MI,FT,Data Engineer,US,M
1518,MI,FT,Data Analyst,US,M
332,SE,FT,Data Analyst,US,M
3564,SE,FT,Lead Data Engineer,GB,S
2691,MI,FT,Analytics Engineer,US,M
1524,MI,FT,Data Analyst,US,M
727,MI,FT,Data Analyst,US,M
127,SE,FT,Data Engineer,US,M
354,SE,FT,Data Scientist,US,M
1742,SE,FT,Data Engineer,US,M
3086,EN,FT,Analytics Engineer,US,L
2212,SE,FT,Data Scientist,US,M
2308,MI,FT,Data Engineer,US,M
3190,SE,FT,Data Analyst,US,M
348,EN,FT,Applied Scientist,US,L
1878,SE,FT,Data Analyst,US,M
3041,SE,FT,Data Engineer,US,L
1471,SE,FT,Analytics Engineer,US,M
2353,SE,FT,Data Analyst,US,M
3081,SE,FT,Data Engineer,US,M
361,SE,FT,Data Engineer,US,M
1537,SE,FT,Data Scientist,US,M
3648,EN,FT,Machine Learning Engineer,DE,M
2739,SE,FT,Data Scientist,US,M
2699,EN,FT,Data Analyst,AU,L
770,SE,FT,Machine Learning Engineer,GB,M
25,SE,FT,Business Intelligence Engineer,US,M
696,SE,FT,Data Engineer,US,M
2362,SE,FT,Data Scientist,US,M
2491,SE,FT,Data Engineer,US,M
3595,SE,FT,Principal Data Analyst,US,M
3446,EN,FT,Data Engineer,DE,L
116,SE,FT,Data Scientist,US,M
3219,MI,FT,Data Scientist,GB,M
3674,MI,FT,Data Analyst,US,L
1711,MI,FT,Machine Learning Engineer,GB,M
1621,SE,FT,Data Scientist,US,M
1653,MI,FT,Data Engineer,ES,M
2619,SE,FT,Analytics Engineer,US,M
538,MI,FT,Data Engineer,US,M
3237,SE,FT,Data Engineer,US,M
2217,SE,FT,Data Engineer,US,M
2060,SE,FT,Principal Machine Learning Engineer,US,L
3383,SE,FT,Data Scientist,US,M
3516,EN,FT,Data Science Consultant,DE,L
946,SE,FT,Machine Learning Engineer,US,M
2814,MI,FT,Data Operations Engineer,US,M
3686,MI,FT,Lead Data Engineer,US,M
3233,SE,FT,Data Scientist,US,M
1501,SE,FT,Data Engineer,US,M
889,MI,FT,Data Scientist,US,M
2499,SE,FT,Machine Learning Engineer,US,M
3172,SE,FT,Data Engineer,US,M
3349,SE,FT,Data Analyst,US,M
1161,SE,FT,Data Engineer,US,M
642,SE,FT,Data Architect,US,M
2337,SE,FT,Data Engineer,US,M
509,SE,FT,Data Analyst,US,M
725,SE,FT,Analytics Engineer,US,M
327,EN,FT,Data Scientist,CA,L
1279,EN,FT,Data Analyst,US,M
1543,SE,FT,Data Scientist,US,M
2786,EN,FT,Data Scientist,IN,M
2026,SE,FT,Data Analyst,US,M
132,SE,FT,Data Engineer,US,M
1096,SE,FT,Data Engineer,US,M
979,SE,FT,Data Science Manager,MX,M
2436,MI,FT,Data Scientist,US,M
1846,SE,FT,Data Scientist,US,M
1842,MI,FT,Data Analyst,US,M
3407,MI,FT,Data Scientist,US,M
517,SE,FT,Data Analyst,US,M
1504,SE,FT,Data Engineer,US,M
1608,MI,FT,Data Analyst,US,M
2617,SE,FT,Data Analyst,US,M
1108,SE,FT,Data Analyst,US,S
2792,SE,FT,Machine Learning Engineer,US,L
624,SE,FT,Data Engineer,US,M
1203,SE,FT,Data Manager,US,M
3129,SE,FT,Data Engineer,US,M
2314,MI,FT,Data Engineer,US,M
2535,SE,FT,Data Engineer,US,M
3271,SE,FT,Data Scientist,US,M
1536,SE,FT,Data Engineer,US,M
330,SE,FT,Data Engineer,US,M
702,SE,FT,Applied Scientist,US,L
834,SE,FT,Research Scientist,US,M
2140,SE,FT,Data Scientist,ES,M
130,MI,FT,Data Analytics Manager,US,M
2632,SE,FT,Data Scientist,US,M
2479,SE,FT,Data Scientist,US,M
3658,EN,FT,Data Scientist,FR,S
495,MI,FT,MLOps Engineer,US,M
1931,SE,FT,Applied Scientist,US,M
1422,SE,FT,Applied Scientist,US,L
2237,SE,FT,Data Engineer,ES,M
78,SE,FT,Data Engineer,US,M
1587,SE,FT,Data Architect,US,M
3602,SE,FT,Data Scientist,US,L
1105,SE,FT,Data Scientist,US,M
45,SE,FT,Data Engineer,US,M
1979,SE,FT,Data Engineer,US,M
763,SE,FT,Data Engineer,US,M
1330,EX,FT,Data Engineer,US,M
1761,SE,FT,Data Scientist,US,M
1837,SE,FT,Data Engineer,US,M
3327,SE,FT,Data Scientist,US,M
416,SE,FT,Data Scientist,US,M
1562,MI,FT,Data Scientist,RO,L
871,SE,FT,Machine Learning Engineer,US,M
1318,SE,FT,Data Scientist,US,M
1808,SE,FT,Data Engineer,US,M
518,SE,FT,Data Analyst,US,M
1229,SE,FT,Big Data Architect,GB,L
1555,SE,FT,Data Engineer,US,L
3566,SE,FT,Machine Learning Engineer,DE,L
1851,SE,FT,Data Engineer,US,M
2105,SE,FT,Data Engineer,US,M
3505,SE,FT,Machine Learning Engineer,BE,M
1777,SE,FT,Data Architect,US,M
1049,MI,FT,Insight Analyst,GB,M
2575,SE,FT,Data Engineer,US,M
1864,SE,FT,Machine Learning Software Engineer,CA,M
2090,SE,FT,Data Analyst,US,M
928,MI,FT,Data Engineer,US,M
197,MI,FT,Research Engineer,US,M
746,EX,FT,Data Engineer,US,M
2243,SE,FT,Data Engineer,US,M
404,SE,FT,Data Analyst,US,M
1708,SE,FT,Machine Learning Scientist,US,M
581,EN,FT,Data Scientist,US,M
1884,SE,FT,Machine Learning Engineer,US,M
815,SE,FT,Data Engineer,US,M
1121,MI,FT,Data Infrastructure Engineer,US,M
234,MI,FT,AI Developer,US,M
2839,MI,FT,Data Operations Engineer,US,M
3525,SE,FT,Data Science Engineer,CA,L
2061,SE,FT,Data Engineer,US,M
285,SE,FT,Data Scientist,US,M
2498,SE,FT,Machine Learning Engineer,US,M
1488,SE,FT,Data Scientist,US,M
1434,SE,FT,Data Scientist,US,M
553,EX,FT,Data Scientist,US,M
3556,SE,FT,Data Scientist,FR,L
304,SE,FT,Data Engineer,US,M
2726,SE,FT,Data Scientist,US,L
781,SE,FT,Analytics Engineer,US,M
660,SE,FT,Applied Machine Learning Scientist,US,L
2137,MI,FT,Data Engineer,US,M
2850,MI,FT,Data Analyst,US,M
1048,MI,FT,Insight Analyst,GB,M
1083,SE,FT,Data Engineer,US,M
2516,SE,FT,Data Engineer,US,M
2121,EN,FT,Data Analytics Engineer,AR,S
3326,SE,FT,Data Scientist,US,M
146,SE,FT,Machine Learning Engineer,US,M
855,SE,FT,Data Analyst,US,M
64,SE,FT,Data Engineer,US,M
3690,SE,FT,Data Engineer,GR,L
3627,EN,FT,Data Scientist,US,M
2054,SE,FT,Machine Learning Engineer,US,M
584,MI,FT,Data Scientist,GB,M
1214,SE,FT,Data Analyst,US,M
3504,MI,FT,Data Engineer,US,L
3020,SE,FT,Data Engineer,US,M
1758,SE,FT,Data Scientist,US,M
425,EN,FT,Data Analyst,US,M
1435,SE,FT,Data Scientist,US,M
3608,MI,FT,Research Scientist,CA,M
2191,SE,FT,Machine Learning Engineer,FR,M
2742,SE,FT,Data Engineer,US,M
2968,EN,FT,Data Scientist,US,L
974,EX,FT,Data Science Manager,RU,L
3569,SE,FT,Data Engineer,US,S
2194,EN,FT,Data Engineer,US,M
588,SE,FT,Data Engineer,US,M
2229,SE,FT,Data Scientist,US,M
311,SE,FT,Data Manager,US,M
1473,SE,FT,Analytics Engineer,US,M
3544,EN,FT,Research Scientist,GB,L
1874,SE,FT,Data Engineer,US,M
225,SE,FT,Data Engineer,US,M
245,SE,FT,Data Science Manager,US,M
2111,SE,FT,Data Engineer,US,M
1341,EN,FT,Data Scientist,IN,L
152,SE,FT,Analytics Engineer,US,M
3693,MI,FT,Research Scientist,FR,S
3003,SE,FT,Data Engineer,US,M
239,SE,FT,Data Scientist,US,M
1557,SE,FT,BI Developer,US,M
1875,SE,FT,Data Engineer,US,M
1699,MI,FT,Machine Learning Engineer,US,M
3009,SE,FT,Data Analyst,US,M
3115,SE,FT,Data Analyst,US,M
71,SE,FT,Data Engineer,US,M
488,SE,FT,Data Scientist,US,M
3672,SE,FT,Machine Learning Infrastructure Engineer,US,M
281,SE,FT,Applied Scientist,US,M
1176,SE,FT,Machine Learning Infrastructure Engineer,FR,M
3229,MI,FT,Machine Learning Scientist,US,L
2971,SE,FT,Data Scientist,US,M
209,SE,FT,Computer Vision Engineer,US,M
3390,SE,FT,Data Engineer,US,M
3239,EX,FT,Data Engineer,US,M
2098,SE,FT,Analytics Engineer,US,M
2259,SE,FT,Data Engineer,US,M
1286,SE,FT,Machine Learning Engineer,US,M
3255,MI,FT,Data Analyst,US,M
360,MI,FT,Big Data Engineer,ES,M
618,SE,FT,Data Engineer,US,M
3695,SE,FT,Data Analytics Manager,US,L
2652,MI,FT,Data Scientist,US,M
744,SE,FT,Data Scientist,US,M
3486,EN,FT,Financial Data Analyst,US,L
2746,SE,FT,ML Engineer,US,L
854,SE,FT,Data Analyst,US,M
862,SE,FT,Data Analyst,US,M
606,MI,FT,Data Analyst,US,M
385,SE,FT,Data Scientist,US,M
1144,SE,FT,Data Engineer,US,M
2159,MI,FT,Data Analyst,US,M
2892,MI,FT,Data Engineer,ES,M
1839,SE,FT,Data Engineer,US,M
3522,MI,FT,Research Scientist,US,M
1448,SE,FT,Data Scientist,US,M
1767,MI,FT,Data Scientist,US,M
2424,SE,FT,Data Analyst,US,M
299,SE,FT,Data Analyst,US,M
2875,SE,FT,Analytics Engineer,US,M
1992,SE,FT,Data Scientist,US,M
563,MI,FT,Data Engineer,US,M
2095,MI,FT,Machine Learning Scientist,US,M
895,SE,FT,Data Analyst,US,M
3188,SE,FT,Data Engineer,US,M
179,SE,FT,Data Engineer,US,M
622,MI,FT,Data Engineer,US,M
2835,SE,FT,Data Engineer,US,M
1956,SE,FT,Data Scientist,US,M
2564,SE,FT,Data Engineer,US,L
401,SE,FT,Analytics Engineer,US,M
2192,SE,FT,Machine Learning Engineer,FR,M
2028,EN,FT,Data Scientist,US,M
3435,MI,FT,Data Analyst,GR,S
393,SE,FT,Data Scientist,ES,M
2870,MI,FT,Data Scientist,NL,L
3609,SE,FT,Machine Learning Scientist,JP,S
2402,SE,FT,Data Analyst,US,M
161,SE,FT,Data Analyst,US,M
1213,SE,FT,Data Analyst,US,M
502,SE,FT,Data Scientist,US,M
2284,SE,FT,Data Scientist,US,M
806,SE,FT,Data Engineer,US,M
2184,MI,FT,Data Analyst,US,M
2521,SE,FT,Data Engineer,US,M
667,SE,FT,Data Scientist,US,M
3364,SE,FT,Data Analyst,US,M
999,SE,FT,Data Analyst,US,M
2551,SE,FT,Data Analyst,US,M
921,SE,FT,Data Scientist,US,M
3286,SE,FT,Data Architect,CA,M
1368,SE,FT,Data Analytics Manager,US,M
1345,SE,FT,Data Scientist,GB,M
3497,EN,FT,Applied Data Scientist,GB,L
1122,MI,FT,Data Infrastructure Engineer,US,M
1749,EN,FT,Research Engineer,US,M
2423,SE,FT,Data Analyst,US,M
2448,SE,FT,Data Analyst,US,M
1963,MI,FT,Analytics Engineer,US,M
2912,EN,FT,Data Analyst,US,L
76,SE,FT,Data Architect,US,M
2131,MI,FT,Data Analyst,US,M
2851,MI,FT,Data Analyst,US,M
3248,SE,FT,Data Engineer,US,M
3570,MI,FT,Research Scientist,CA,L
2936,SE,FT,Data Scientist,US,M
3706,MI,FT,Data Scientist,FR,S
936,EN,FT,Data Analyst,US,M
408,SE,FT,Machine Learning Engineer,US,M
1579,SE,FT,Data Architect,US,M
3151,SE,FT,ML Engineer,US,M
734,SE,FT,Data Analyst,US,M
2108,SE,FT,Data Engineer,US,M
760,SE,FT,Data Operations Engineer,US,M
941,SE,FT,Analytics Engineer,US,M
1883,MI,FT,Data Scientist,US,M
716,SE,FT,Data Scientist,US,M
1115,SE,FT,Data Engineer,US,M
2310,SE,FT,Data Engineer,US,M
2327,SE,FT,Data Engineer,US,M
632,SE,FT,Data Engineer,US,M
1817,MI,FT,Data Scientist,US,M
31,SE,FT,Data Engineer,US,M
3594,SE,FT,Data Engineer,MX,S
1469,MI,FT,Data Analyst,US,M
2830,SE,FT,Analytics Engineer,US,M
3561,EN,FT,Data Science Consultant,DE,S
2640,SE,FT,Data Architect,US,M
1044,SE,FT,Data Analyst,US,M
3455,MI,FT,Product Data Analyst,HN,S
1790,SE,FT,Research Scientist,US,M
2693,SE,FT,Machine Learning Engineer,US,M
1951,MI,FT,Data Analyst,US,M
1238,SE,FT,Data Analyst,US,M
1996,EN,FT,Data Engineer,US,M
2579,MI,FT,Data Engineer,AU,L
1173,MI,FT,Data Engineer,US,M
1171,SE,FT,Data Engineer,US,M
1491,SE,FT,Data Analyst,US,M
531,SE,FT,Data Engineer,US,M
2144,SE,FT,Data Scientist,US,M
1553,SE,FT,Data Scientist,LV,M
2345,SE,FT,Data Scientist,US,M
3666,MI,FT,Big Data Engineer,IN,L
2454,SE,FT,Data Scientist,US,M
3584,SE,FT,Cloud Data Engineer,US,S
328,SE,FT,Data Architect,US,M
1272,SE,FT,Machine Learning Engineer,US,M
1391,MI,FT,Data Analyst,US,M
519,SE,FT,Data Scientist,US,M
2779,MI,FT,Data Engineer,GB,M
3422,MI,FT,Business Data Analyst,IN,M
268,SE,FT,Analytics Engineer,US,M
476,SE,FT,Data Engineer,US,M
525,SE,FT,Research Scientist,US,M
1021,MI,FT,Data Engineer,US,M
3061,MI,FT,Data Scientist,ID,L
676,SE,FT,Data Architect,GB,M
2231,SE,FT,Data Scientist,US,M
2567,MI,FT,Data Scientist,BR,M
1103,SE,FT,Data Manager,US,M
973,SE,FT,Head of Data,PT,L
1678,SE,FT,Data Scientist,US,M
1281,EN,FT,Data Analyst,US,M
2591,SE,FT,Data Scientist,US,M
2637,MI,FT,ML Engineer,US,L
776,MI,FT,Data Science Lead,US,M
115,SE,FT,Data Scientist,US,M
3123,SE,FT,Business Data Analyst,US,L
1398,SE,FT,Applied Scientist,US,M
1545,SE,FT,Computer Vision Engineer,US,S
989,MI,FT,Machine Learning Engineer,US,M
418,SE,FT,Data Scientist,US,M
2222,SE,FT,Data Engineer,US,M
334,EN,FT,Data Scientist,US,M
2538,SE,FT,Data Analyst,ES,M
2139,SE,FT,Data Scientist,ES,M
1614,SE,FT,Data Scientist,US,M
600,SE,FT,Data Engineer,US,M
906,SE,FT,Data Manager,US,M
2732,SE,FT,Machine Learning Engineer,US,M
2813,SE,FT,Analytics Engineer,US,M
3664,MI,FT,Data Engineer,US,L
2115,MI,FT,Data Science Consultant,GB,M
449,MI,FT,Data Analyst,US,M
607,SE,FT,Data Scientist,US,M
2550,SE,FT,Data Engineer,US,M
2221,MI,FT,Data Analytics Manager,US,M
1224,EN,FT,Data Analyst,US,L
1247,SE,FT,Research Scientist,ES,M
2279,EX,FT,Data Engineer,US,M
2004,SE,FT,Data Engineer,US,M
3673,MI,FT,Data Scientist,ES,L
3171,SE,FT,Data Analyst,US,M
1860,SE,FT,Data Scientist,US,M
1927,MI,FT,Data Engineer,GB,M
1230,EN,FT,Data Scientist,IN,L
931,SE,FT,Data Scientist,US,M
3027,SE,FT,Data Scientist,US,M
3549,EN,FT,Machine Learning Engineer,US,S
3488,EN,FT,Data Scientist,FR,M
1803,SE,FT,Data Engineer,US,M
362,SE,FT,Data Engineer,US,M
2756,SE,FT,Data Scientist,US,M
204,EX,FT,Data Engineer,US,M
1382,SE,FT,Data Engineer,US,M
2517,SE,FT,Data Engineer,US,M
2365,SE,FT,Data Analyst,US,M
1551,SE,FT,Data Scientist,US,M
2994,SE,FT,Machine Learning Engineer,US,M
1069,EN,FT,Data Scientist,US,M
580,MI,FT,Data Scientist,GB,M
1258,SE,FT,Machine Learning Software Engineer,US,M
3161,SE,FT,Data Analytics Manager,US,M
2882,SE,FT,Data Scientist,US,M
3723,SE,FT,Computer Vision Engineer,BR,M
2001,SE,FT,Data Analyst,US,M
318,SE,FT,Data Scientist,US,M
2478,SE,FT,Data Engineer,US,M
1462,MI,FT,Head of Data Science,IN,L
1141,SE,FT,Data Scientist,US,M
1917,EN,FT,Machine Learning Software Engineer,MA,S
105,SE,FT,Data Engineer,US,M
3127,EN,FT,Machine Learning Developer,US,L
2285,SE,FT,Data Scientist,US,M
1831,SE,FT,Data Engineer,US,M
3477,EN,FT,Computer Vision Software Engineer,AU,S
3428,MI,FT,Applied Data Scientist,US,L
3623,SE,FT,Machine Learning Engineer,US,L
2320,SE,FT,Analytics Engineer,US,M
3275,EX,FT,Data Analyst,US,M
638,SE,FT,Data Engineer,US,M
1841,MI,FT,Data Analyst,US,M
1575,SE,FT,Data Scientist,US,M
3530,MI,FT,Data Science Consultant,US,L
2076,SE,FT,Data Engineer,US,M
2291,SE,FT,Data Scientist,US,M
625,SE,FT,Data Scientist,CA,M
1192,MI,FT,Data Science Lead,GB,M
636,SE,FT,Data Scientist,US,M
1612,SE,FT,Data Scientist,US,M
3585,MI,FT,Data Scientist,US,L
2670,SE,FT,Data Engineer,US,M
1734,SE,FT,Data Analyst,US,M
1263,EX,FT,Data Engineer,US,M
3704,SE,FT,Data Engineer,US,M
2248,SE,FT,Data Engineer,US,M
435,SE,FT,Data Scientist,US,M
3738,MI,FT,Data Scientist,US,L
3356,SE,FT,Data Analyst,US,M
3734,MI,FT,Lead Data Analyst,IN,L
3559,EX,FT,Data Engineer,ES,L
3417,SE,FT,Data Engineer,US,M
536,SE,FT,Data Engineer,US,M
2360,SE,FT,Data Engineer,US,M
2974,SE,FT,Machine Learning Engineer,US,M
2625,SE,FT,Data Analyst,US,M
2861,SE,FT,Data Engineer,US,M
3001,SE,FT,Machine Learning Engineer,US,L
2744,SE,FT,Data Scientist,US,M
2858,SE,FT,Data Engineer,US,M
1025,SE,FT,Machine Learning Engineer,DE,M
246,SE,FT,Data Science Manager,US,M
3038,SE,FT,Data Science Manager,US,L
1894,MI,FT,Data Engineer,US,M
2787,SE,FT,Data Analyst,US,M
569,SE,FT,Data Analyst,US,M
1366,SE,FT,Data Engineer,US,M
2705,SE,FT,Machine Learning Engineer,CA,M
3574,MI,FT,BI Data Analyst,US,L
1107,MI,FT,Data Engineer,GB,L
2462,SE,FT,Data Engineer,US,M
590,EX,FT,Data Engineer,US,M
3238,EX,FT,Data Engineer,US,M
3702,MI,FT,Data Science Engineer,GR,M
2398,SE,FT,Data Scientist,US,M
2934,MI,FT,Data Analyst,US,L
12,SE,FT,Data Analyst,US,M
370,SE,FT,Data Engineer,US,M
474,SE,FT,Data Analyst,US,M
1556,SE,FT,BI Developer,US,M
1177,SE,FT,Data Scientist,US,M
3024,SE,FT,Data Scientist,US,M
879,SE,FT,Data Engineer,US,M
2525,EN,FT,Data Scientist,US,M
1406,MI,FT,Data Analyst,US,M
413,SE,FT,Data Scientist,US,M
2089,SE,FT,Data Analyst,US,M
2130,SE,FT,Data Scientist,US,M
223,SE,FT,Data Engineer,US,M
1118,MI,FT,AI Scientist,GH,S
228,EX,FT,Head of Data,US,M
1872,EN,FT,Data Engineer,US,M
1938,SE,FT,Data Engineer,US,M
3663,MI,FT,Lead Data Analyst,US,L
2126,SE,FT,Data Specialist,US,M
506,SE,FT,Machine Learning Engineer,US,M
1164,MI,FT,Data Analyst,HR,M
1510,SE,FT,Data Engineer,US,M
3252,SE,FT,Data Scientist,US,L
2280,EX,FT,Data Engineer,US,M
2129,SE,FT,Data Scientist,US,M
2100,SE,FT,Data Engineer,US,M
1590,SE,FT,Data Science Consultant,US,M
3731,MI,FT,Data Scientist,LU,S
2655,SE,FT,Principal Data Architect,IN,L
2107,MI,FT,Data Scientist,US,M
944,SE,FT,Data Analyst,US,M
1525,SE,FT,ML Engineer,US,M
2754,SE,FT,Data Analyst,US,M
1826,SE,FT,Data Scientist,US,M
238,EX,FT,Data Engineer,US,M
1038,SE,FT,Data Engineer,US,M
2829,MI,FT,Data Engineer,US,M
508,SE,FT,Data Analyst,US,M
1529,SE,FT,Data Engineer,US,M
2594,SE,FT,Data Scientist,US,M
2644,SE,FT,Data Scientist,ES,M
2210,SE,FT,Data Engineer,US,M
1149,SE,FT,Data Engineer,US,M
1042,SE,FT,Data Engineer,US,M
709,MI,FT,Data Engineer,US,M
1800,MI,FT,Machine Learning Engineer,GB,M
1327,MI,FT,Data Analyst,GB,M
778,SE,FT,Data Engineer,US,M
2775,SE,FT,ML Engineer,US,M
558,SE,FT,Data Analyst,US,M
2626,SE,FT,Data Engineer,US,M
2466,MI,FT,Data Analyst,US,M
165,SE,FT,Machine Learning Engineer,US,M
1781,SE,FT,Applied Scientist,US,M
2665,EX,FT,Data Manager,CA,L
3408,SE,FT,Machine Learning Engineer,AE,S
3187,SE,FT,Data Architect,US,M
220,SE,FT,Data Analyst,US,M
2177,SE,FT,Data Analyst,US,M
279,SE,FT,Research Scientist,US,M
3754,SE,FT,Data Science Manager,IN,L
1172,SE,FT,Data Engineer,US,M
2416,MI,FT,Data Scientist Lead,AT,L
155,MI,FT,Business Data Analyst,US,L
1145,SE,FT,Machine Learning Software Engineer,US,M
1226,SE,FT,Data Engineer,US,M
1300,SE,FT,Data Scientist,US,M
1550,SE,FT,Data Scientist,US,M
1706,SE,FT,Research Scientist,US,M
3493,EN,FT,Computer Vision Engineer,US,M
691,SE,FT,Data Engineer,US,M
2667,SE,FT,Data Engineer,US,M
841,MI,FT,Data Engineer,US,M
1994,SE,FT,Data Analyst,US,M
1451,SE,FT,Data Architect,US,M
2745,SE,FT,ML Engineer,US,L
3650,SE,FT,Machine Learning Engineer,IN,L
3329,SE,FT,Analytics Engineer,US,M
2918,SE,FT,Data Scientist,US,M
2138,MI,FT,Data Engineer,US,M
2348,EN,FT,Data Engineer,US,M
1243,SE,FT,Data Engineer,US,M
2376,SE,FT,Data Analyst,US,M
1101,SE,FT,Analytics Engineer,US,M
134,SE,FT,Machine Learning Engineer,US,L
3649,SE,FT,Data Science Manager,US,L
2671,SE,FT,Data Engineer,US,M
963,SE,FT,Research Scientist,US,M
1299,SE,FT,Data Engineer,US,M
2452,SE,FT,Data Engineer,US,M
1658,SE,FT,Analytics Engineer,US,M
3430,EN,FT,Data Engineer,US,S
2708,SE,FT,ETL Developer,US,M
1033,SE,FT,Data Manager,GB,M
3618,EN,FT,Data Engineer,US,L
2397,SE,FT,Data Scientist,US,M
3600,EN,FT,Data Analyst,US,L
3426,EN,FT,Data Scientist,IN,M
2449,SE,FT,Data Analyst,US,M
2133,SE,FT,Data Engineer,US,M
3226,MI,FT,Data Engineer,US,M
3250,SE,FT,Data Engineer,US,M
748,EN,FT,Research Scientist,US,M
1106,SE,FT,Data Scientist,US,M
3496,EN,PT,Data Analyst,ES,M
1903,SE,FT,Data Engineer,US,M
3254,MI,FT,Data Analyst,US,M
3070,SE,FT,Data Engineer,US,M
2443,SE,FT,Data Scientist,US,M
2541,SE,FT,Data Engineer,US,M
2687,MI,FT,Research Scientist,DE,S
371,MI,FT,Data Specialist,US,M
1987,SE,FT,Data Engineer,US,M
2382,SE,FT,Machine Learning Engineer,US,M
2842,SE,FT,Data Scientist,US,M
2128,EN,FL,Data Analytics Consultant,US,S
1348,MI,FT,Research Scientist,US,M
2445,SE,FT,Data Scientist,ES,M
1852,SE,FT,Data Engineer,US,M
2223,SE,FT,Data Engineer,US,M
3616,MI,FT,Data Engineer,US,L
1812,MI,FT,Data Analyst,US,M
292,SE,FT,Data Scientist,US,M
2030,MI,FT,Data Analyst,US,M
261,SE,FT,Data Scientist,US,M
3667,MI,FT,Data Scientist,US,S
2188,MI,FT,Data Analyst,US,M
489,SE,FT,Data Scientist,US,M
2080,SE,FT,Data Engineer,US,M
3535,MI,FT,Data Scientist,NG,L
1267,SE,FT,Data Architect,US,M
2860,SE,FT,Data Engineer,US,M
529,SE,FT,Machine Learning Engineer,US,M
1701,SE,FT,Data Analyst,US,M
1552,SE,FT,Data Scientist,LV,M
2457,SE,FT,Data Engineer,US,M
2654,MI,FT,Data Scientist,AU,L
324,SE,FL,Machine Learning Researcher,UA,S
1517,MI,FT,Data Analyst,US,M
3051,MI,FT,Machine Learning Engineer,US,M
2545,SE,FT,Data Scientist,US,M
831,SE,FT,Data Scientist,US,M
627,MI,FT,Data Engineer,US,M
2045,MI,FT,Data Analyst,US,M
1268,SE,FT,Data Architect,US,M
1150,SE,FT,Data Engineer,US,M
216,SE,FT,Data Analyst,US,M
2507,SE,FT,Data Engineer,US,M
1732,SE,FT,Data Analyst,US,M
2494,SE,FT,Data Scientist,US,M
1378,SE,FT,Data Engineer,US,M
3157,MI,FT,Machine Learning Engineer,GB,M
3630,EN,FT,Data Science Consultant,DE,L
129,MI,FT,Data Analytics Manager,US,M
2418,SE,FT,Data Engineer,US,M
2407,SE,FT,Data Engineer,US,M
1616,MI,FT,Data Analyst,GB,M
302,SE,FT,Data Scientist,US,M
1041,SE,FT,Data Quality Analyst,US,M
3645,SE,FT,Data Analyst,CA,M
3120,EN,FT,Data Engineer,IN,L
1675,SE,FT,Data Science Manager,US,M
2818,SE,FT,Applied Machine Learning Scientist,US,L
3245,SE,FT,Data Scientist,US,M
114,EN,FT,Machine Learning Engineer,CH,S
986,SE,FT,Machine Learning Engineer,US,M
766,MI,FT,Data Scientist,ES,M
617,SE,FT,Data Engineer,US,M
2607,SE,FT,Data Scientist,US,M
3424,MI,FT,Machine Learning Infrastructure Engineer,PT,L
2915,EX,FT,Machine Learning Scientist,US,S
722,SE,FT,Data Analyst,US,M
2328,SE,FT,Data Engineer,US,M
3489,SE,FT,Lead Data Scientist,IN,L
2921,MI,FT,Data Scientist,GB,M
46,SE,FT,Data Scientist,US,M
68,SE,FT,Applied Scientist,US,L
2526,MI,FT,Data Analyst,US,M
2446,EX,FT,Head of Data,US,M
556,SE,FT,Data Analyst,US,M
429,SE,FT,Data Analyst,US,M
2155,SE,FT,Data Engineer,US,M
3677,MI,FT,Data Scientist,GB,L
2677,SE,FT,Data Analyst,ES,M
2085,SE,FT,Data Analyst,US,M
532,SE,FT,Data Engineer,US,M
3142,SE,FT,Data Science Manager,AU,L
3163,EN,FT,Data Scientist,DE,S
3463,SE,FT,Data Analytics Lead,US,L
3641,SE,FT,Data Analyst,DE,L
3415,SE,FT,Data Scientist,US,M
510,SE,FT,Data Analyst,US,M
1270,SE,FT,Data Science Manager,US,M
368,MI,FT,Research Scientist,GB,M
391,MI,FT,Lead Data Analyst,US,L
3110,SE,FT,Data Scientist,US,L
3309,SE,FT,Data Engineer,US,M
208,SE,FT,Data Engineer,US,M
2081,MI,FT,Data Scientist,US,M
2780,SE,FT,Data Engineer,US,M
844,SE,FT,Data Scientist,US,M
92,SE,FT,Data Scientist,ES,M
426,EN,FT,Data Analyst,US,M
3670,EN,FT,Data Science Consultant,US,S
2906,SE,FT,Data Scientist,US,M
819,MI,FT,Research Scientist,US,M
2895,SE,FT,Data Scientist,US,M
1855,SE,FT,Data Scientist,US,M
2051,SE,FT,Data Scientist,US,M
3209,MI,FT,Data Analyst,GR,M
604,MI,FT,Data Scientist,DE,M
3337,SE,FT,Data Analyst,US,M
291,SE,FT,Data Scientist,US,M
804,MI,FT,Data Analyst,CA,M
205,MI,FT,Data Engineer,US,M
2366,SE,FT,Machine Learning Engineer,US,M
866,SE,FT,Data Scientist,US,M
1354,SE,FT,Machine Learning Engineer,US,M
2055,SE,FT,Machine Learning Engineer,US,M
1253,SE,FT,Data Engineer,US,M
3278,SE,FT,Data Science Manager,US,M
840,SE,FT,Machine Learning Engineer,US,M
1561,SE,FT,Research Scientist,US,M
2149,EN,FT,3D Computer Vision Researcher,AS,M
174,SE,FT,Applied Scientist,US,L
3526,SE,FT,Data Science Manager,US,L
1946,MI,FT,Data Engineer,IN,L
2597,MI,FT,Data Engineer,GB,M
703,MI,FT,Data Analyst,US,M
1725,SE,FT,ML Engineer,US,M
1322,EN,FT,Data Scientist,US,S
1642,SE,FT,Research Scientist,US,M
1977,SE,FT,Machine Learning Engineer,US,M
3571,MI,FT,Data Analyst,GB,L
3348,SE,FT,Data Analyst,US,M
1293,SE,FT,Data Scientist,US,M
639,SE,FT,Data Scientist,US,M
1180,SE,FT,Machine Learning Engineer,US,M
574,EN,FT,Applied Machine Learning Scientist,DE,M
117,SE,FT,Analytics Engineer,US,M
615,EN,FT,Data Engineer,US,M
996,SE,FT,Machine Learning Engineer,US,M
3515,EX,FT,Director of Data Science,DE,M
3014,EN,FT,Machine Learning Engineer,GB,S
1260,MI,FT,Product Data Analyst,IN,L
2888,MI,FT,Data Engineer,GR,M
61,SE,FT,Data Engineer,US,M
2824,SE,FT,Machine Learning Scientist,US,M
1442,MI,FT,Data Analyst,US,M
2492,SE,FT,Data Scientist,US,M
356,SE,FT,Data Scientist,US,M
1054,SE,FT,Data Science Manager,US,M
2484,SE,FT,Data Analyst,US,M
3109,SE,FT,Data Scientist,US,L
22,SE,FT,Research Engineer,DE,M
1674,SE,FT,Cloud Database Engineer,US,M
2879,SE,FT,Data Scientist,US,M
3558,EX,FT,BI Data Analyst,US,L
1153,EX,FT,Data Engineer,US,M
1166,EN,FT,Data Scientist,BR,L
711,SE,FT,Data Analyst,US,M
2857,SE,FT,Data Engineer,US,M
3318,SE,FT,Data Scientist,US,L
3548,EN,FT,Data Analyst,NG,S
1596,MI,FT,Computer Vision Engineer,IN,M
514,SE,FT,Research Scientist,US,M
414,SE,FT,Data Scientist,US,M
1853,SE,FT,Machine Learning Engineer,US,M
486,SE,FT,Data Scientist,US,M
2384,SE,FT,Data Engineer,US,M
2866,SE,FT,Data Scientist,US,M
211,SE,FT,Machine Learning Engineer,US,M
1698,MI,FT,Machine Learning Engineer,US,M
1823,SE,FT,Data Engineer,US,M
2627,SE,FT,Data Engineer,US,M
608,SE,FT,Data Scientist,US,M
10,SE,FT,Data Scientist,US,M
1796,MI,FT,Machine Learning Engineer,GB,M
1892,EN,FT,Product Data Analyst,US,M
2335,MI,FL,Autonomous Vehicle Technician,BS,M
749,SE,FT,Data Engineer,US,M
1879,SE,FT,Data Analyst,US,M
3101,SE,FT,Data Engineer,US,M
560,MI,FT,Data Scientist,IE,M
3700,MI,FT,Data Scientist,US,L
2214,SE,FT,Data Analyst,US,M
277,SE,FT,Applied Scientist,US,L
2022,SE,FT,3D Computer Vision Researcher,AL,S
3708,EN,FT,Data Scientist,DE,S
2099,SE,FT,Data Engineer,US,M
1780,SE,FT,Applied Scientist,US,M
2431,SE,FT,Data Engineer,US,M
2973,SE,FT,Machine Learning Engineer,US,M
2114,MI,FT,Data Science Consultant,GB,M
1664,SE,FT,Data Architect,US,M
649,SE,FT,Data Architect,US,M
599,SE,FT,Data Engineer,US,M
1944,SE,FT,Data Scientist,US,M
2682,SE,FT,Data Scientist,US,L
3385,SE,FT,Data Analyst,US,M
2195,MI,FT,Data Analyst,US,M
2728,SE,FT,Data Science Manager,US,M
1080,SE,FT,Data Engineer,US,M
2733,SE,FT,Data Scientist,US,M
82,MI,FT,Applied Machine Learning Engineer,DE,S
1303,EX,FT,Data Engineer,US,M
3316,SE,FT,Data Engineer,US,M
614,SE,FT,Data Scientist,US,M
3183,EX,FT,Lead Data Engineer,CA,S
451,SE,FT,Data Engineer,US,M
3195,SE,FT,Data Engineer,US,L
1721,SE,FT,NLP Engineer,US,M
3013,SE,FT,Machine Learning Engineer,US,M
3541,EX,FT,Director of Data Science,PL,L
1756,SE,FT,Research Engineer,US,M
521,SE,FT,Data Architect,US,M
195,SE,FT,Data Scientist,US,M
2556,SE,FT,Data Architect,US,M
1718,SE,FT,Data Engineer,US,M
32,SE,FT,Data Engineer,US,M
167,MI,FT,Data Engineer,US,M
925,SE,FT,Data Engineer,US,M
3341,SE,FT,Machine Learning Engineer,US,M
513,SE,FT,Research Scientist,US,M
777,SE,FT,Data Engineer,US,M
2235,MI,FT,Data Engineer,US,M
1421,SE,FT,Applied Scientist,US,L
3000,SE,FT,Machine Learning Engineer,US,L
1310,SE,FT,Data Scientist,US,M
958,SE,FT,Data Scientist,US,M
791,SE,FT,Data Engineer,US,M
1630,EN,FT,Data Scientist,US,M
708,EX,FT,Data Scientist,US,M
3464,SE,FT,Data Engineer,US,L
411,EX,FT,Data Architect,US,M
726,MI,FT,Data Analyst,US,M
3052,MI,FT,Machine Learning Engineer,US,M
2034,EN,FT,Machine Learning Engineer,AR,L
2405,SE,FT,Data Engineer,US,M
257,SE,FT,Data Analyst,US,M
237,EX,FT,Data Engineer,US,M
1960,SE,FT,Research Engineer,US,M
2891,MI,FT,Data Engineer,GB,M
341,EN,FT,Data Engineer,US,M
340,EN,FT,Data Engineer,US,M
3074,EN,FT,Data Scientist,BE,S
3414,SE,FT,Data Scientist,US,M
1849,EN,FT,Applied Data Scientist,PK,M
1003,SE,FT,Data Analyst,US,M
3058,SE,FT,Machine Learning Scientist,US,M
2072,MI,FT,Machine Learning Researcher,US,M
2758,SE,FT,Data Scientist,US,M
2236,MI,FT,Data Engineer,US,M
2774,SE,FT,ML Engineer,US,M
1586,SE,FT,Data Scientist,US,M
2748,SE,FT,Data Scientist,US,M
1969,SE,FT,Research Scientist,US,M
2426,SE,FT,Data Architect,US,M
3284,SE,FT,Data Scientist,US,M
1724,SE,FT,ML Engineer,US,M
2417,SE,FT,Data Engineer,US,M
743,SE,FT,Data Scientist,US,M
2948,MI,FT,Research Scientist,US,L
38,MI,FT,Data Analyst,US,M
2460,SE,FT,Data Scientist,US,L
937,EN,FT,Data Analyst,US,M
421,SE,FT,Data Analyst,US,M
2033,EN,FT,AI Scientist,CA,L
3053,SE,FT,Data Scientist,US,L
2476,SE,FT,Data Analyst,US,M
1766,MI,FT,Data Scientist,US,M
460,SE,FT,Data Engineer,US,M
3005,SE,FT,Analytics Engineer,US,M
2566,SE,FT,Data Analyst,US,M
241,SE,FT,Data Scientist,US,L
1972,SE,FT,Data Engineer,US,M
1265,SE,FT,Data Architect,US,M
2288,MI,FT,Data Engineer,US,M
251,EN,FT,Data Engineer,US,M
1298,SE,FT,Data Engineer,US,M
26,SE,FT,Business Intelligence Engineer,US,M
1747,SE,FT,Research Scientist,US,M
3707,SE,FT,Principal Data Engineer,US,L
3152,SE,FT,Data Science Manager,US,M
3377,SE,FT,Data Scientist,US,M
2657,SE,FT,Data Engineer,PT,M
1527,EN,FT,Business Data Analyst,US,L
3330,SE,FT,Data Engineer,US,M
568,SE,FT,Machine Learning Scientist,US,M
1011,SE,FT,Data Scientist,US,M
344,SE,FT,Data Engineer,US,M
383,SE,FT,Data Engineer,US,M
3133,MI,FT,Machine Learning Scientist,EG,M
2255,SE,FT,Data Analyst,US,M
1617,MI,FT,Data Analyst,GB,M
483,SE,FT,Data Scientist,US,M
1198,EN,FT,Data Analyst,US,M
162,SE,FT,Data Analyst,US,M
1544,SE,FT,Data Scientist,US,M
3303,SE,FT,Data Engineer,US,M
1104,SE,FT,Data Manager,US,M
3335,SE,FT,Data Engineer,US,M
3294,SE,FT,Data Scientist,US,M
674,MI,FT,Data Analyst,US,M
2258,MI,FT,Analytics Engineer,GB,M
820,SE,FT,Data Analyst,US,M
754,MI,FT,Analytics Engineer,US,M
3456,EN,CT,Applied Machine Learning Scientist,CZ,M
980,SE,FT,Data Science Manager,MX,M
3073,SE,FT,Applied Machine Learning Scientist,GB,L
3317,SE,FT,Data Engineer,US,M
710,MI,FT,Data Engineer,US,M
276,SE,FT,Applied Scientist,US,L
1420,SE,FT,Machine Learning Engineer,US,M
1640,SE,FT,BI Developer,US,M
313,SE,FT,Data Analyst,US,M
2649,MI,FT,Data Analyst,US,M
2751,SE,FT,Data Scientist,US,M
1620,SE,FT,Data Scientist,US,M
143,SE,FT,Data Analyst,US,M
1768,SE,FT,Data Engineer,US,M
833,SE,FT,Data Analytics Specialist,US,M
1216,SE,FT,Data Engineer,US,M
1376,SE,FT,Data Engineer,US,M
1497,SE,FT,Data Analyst,US,M
1131,SE,FT,Data Science Manager,US,M
2375,SE,FT,Data Scientist,US,M
2560,MI,FT,BI Analyst,BR,M
894,SE,FT,Data Analyst,US,M
3131,SE,FT,Data Analyst,US,M
1485,MI,FT,Machine Learning Engineer,AM,S
1057,SE,FT,Data Analyst,US,M
83,EN,FT,AI Developer,IN,L
3500,SE,FT,Principal Data Engineer,US,M
654,SE,FT,Data Analyst,US,M
287,SE,FT,Data Engineer,US,M
1384,SE,FT,Data Scientist,US,M
106,SE,FT,Data Engineer,US,M
641,SE,FT,Data Architect,US,M
2529,SE,FT,Data Architect,US,M
3210,MI,FT,Data Engineer,GB,M
3701,SE,FT,Research Scientist,US,S
3153,SE,FT,Data Science Manager,US,M
2571,EN,FT,Data Scientist,CA,L
3696,MI,FL,Data Engineer,US,L
2883,SE,FT,Data Scientist,US,M
2853,SE,FT,Data Scientist,US,M
1805,SE,FT,Data Architect,US,M
2087,SE,FT,Data Engineer,US,M
1196,SE,FT,Data Architect,US,M
1008,EX,FT,Data Engineer,US,M
2709,SE,FT,ETL Developer,US,M
1059,SE,FT,Data Analyst,US,M
2433,SE,FT,Data Engineer,US,M
2520,SE,FT,Data Engineer,US,M
1095,SE,FT,Data Engineer,US,M
428,SE,FT,Machine Learning Engineer,US,M
1727,SE,FT,Data Engineer,PT,M
3391,SE,FT,Data Engineer,US,M
3604,SE,FT,Data Scientist,CA,L
1754,EN,FT,Deep Learning Engineer,US,M
3078,MI,FT,Analytics Engineer,US,M
1332,SE,FT,Research Scientist,CA,M
1005,SE,FT,Machine Learning Engineer,US,M
1419,SE,FT,Machine Learning Engineer,US,M
2063,SE,FT,Data Analyst,US,M
3622,MI,FT,Data Engineer,US,L
803,MI,FT,Data Analyst,CA,M
2430,SE,FT,Data Engineer,US,M
337,MI,FT,Data Scientist,US,M
573,EN,FT,Autonomous Vehicle Technician,GH,S
3221,MI,FT,Data Engineer,GR,M
2519,SE,FT,Machine Learning Engineer,US,M
3094,EN,FT,Data Analyst,FR,M
863,SE,FT,Data Analyst,US,M
81,SE,FT,Machine Learning Engineer,US,M
818,MI,FT,Research Scientist,US,M
1571,SE,FT,Data Engineer,US,M
1407,MI,FT,Data Analyst,US,M
3174,MI,FT,Machine Learning Engineer,DE,M
3146,SE,FT,Data Scientist,US,M
3211,MI,FT,Data Engineer,GB,M
1565,SE,FT,Data Analyst,ES,M
1567,EN,FT,Data Engineer,US,M
1740,SE,FT,Data Engineer,US,M
2254,MI,FT,BI Data Analyst,FR,M
3655,MI,FT,Business Data Analyst,US,L
2610,SE,FT,Data Scientist,US,S
2096,MI,FT,Machine Learning Scientist,US,M
62,SE,FT,Data Scientist,US,M
30,SE,FT,Data Strategist,CA,M
3633,EN,FT,Data Engineer,DE,M
559,MI,FT,Data Scientist,IE,M
2807,EN,FT,Business Data Analyst,AS,L
669,SE,FT,Machine Learning Engineer,US,M
3593,EN,FT,Data Analyst,IN,S
1798,SE,FT,Data Engineer,US,M
1759,SE,FT,Data Scientist,US,M
992,SE,FT,Data Engineer,US,M
1937,SE,FT,Machine Learning Engineer,US,M
3357,SE,FT,Data Analyst,US,M
2435,MI,FT,Machine Learning Engineer,US,M
20,MI,FT,Data Analyst,US,M
122,SE,FT,Machine Learning Engineer,US,M
3581,EN,FT,Data Scientist,IN,L
3621,EN,FT,Research Scientist,CN,L
7,SE,FT,Data Scientist,CA,M
1968,SE,FT,Research Scientist,US,M
3124,MI,FT,Data Scientist,TR,M
767,MI,FT,Data Engineer,SI,M
1634,SE,FT,Data Scientist,US,M
1795,SE,FT,Data Engineer,US,M
2007,MI,FT,Data Engineer,US,M
650,SE,FT,Data Architect,US,M
2902,SE,FT,Data Engineer,GB,M
1465,MI,FT,Data Science Manager,US,M
3508,MI,FT,Data Engineer,GB,L
33,SE,FT,Computer Vision Engineer,US,M
2811,MI,FT,Data Engineer,GB,M
23,SE,FT,Analytics Engineer,GB,M
2547,MI,FT,Analytics Engineer,BR,M
825,MI,FT,Data Scientist,US,M
1450,SE,FT,Data Architect,US,M
3155,MI,FT,AI Scientist,US,L
2771,SE,FT,Data Scientist,US,M
1772,SE,FT,Data Analyst,US,M
3487,MI,FT,Data Scientist,US,S
3355,MI,FT,Data Analyst,GB,M
1712,SE,FT,Data Scientist,US,M
3410,EX,FT,Data Engineer,US,M
2489,SE,FT,Data Analyst,US,M
2318,SE,FT,Data Engineer,US,M
1199,SE,FT,Machine Learning Engineer,US,M
2509,SE,FT,Data Operations Analyst,US,M
3043,MI,FT,Data Engineer,US,M
2168,SE,FT,Data Analyst,GB,M
2250,SE,FT,Data Scientist,ES,M
3338,MI,FT,Data Analyst,CA,M
2836,EN,FT,Data Scientist,US,M
108,SE,FT,Analytics Engineer,US,M
2727,SE,FT,Data Science Manager,US,M
457,EN,FT,Data Engineer,US,M
124,SE,FT,Analytics Engineer,US,M
3325,SE,FT,Data Engineer,US,M
2262,MI,FT,Data Analyst,US,M
3445,SE,FT,Machine Learning Engineer,NL,L
891,SE,FT,Data Scientist,US,M
99,SE,FT,Data Analyst,US,L
1387,MI,FT,Machine Learning Engineer,US,L
1259,SE,FT,Data Engineer,IE,M
3273,EN,FT,Data Engineer,GB,M
3039,SE,FT,Data Science Manager,US,L
1113,SE,FT,Data Analyst,US,M
3382,SE,FT,Data Scientist,US,M
293,SE,FT,Data Scientist,US,M
1916,MI,FT,Data Scientist,US,M
3353,SE,FT,Data Engineer,US,M
321,SE,FT,Data Analyst,US,M
1910,SE,FT,Data Engineer,US,M
373,SE,FT,Data Engineer,US,M
1352,EX,FT,Data Analytics Manager,US,M
439,SE,FT,Applied Scientist,US,L
2718,SE,FT,Data Scientist,US,L
1610,SE,FT,Data Engineer,US,M
1593,SE,FT,Data Engineer,US,M
1765,SE,FT,Machine Learning Engineer,US,M
2186,SE,FT,Research Engineer,US,M
3135,SE,FT,Data Scientist,US,L
2911,SE,FT,Data Operations Analyst,US,M
3529,MI,FT,Data Scientist,US,M
857,EN,FT,Data Analyst,US,L
585,MI,FT,Data Scientist,GB,M
1486,SE,FT,Data Scientist,US,M
2523,EX,FT,Analytics Engineer,US,M
2773,SE,FT,Data Engineer,US,M
693,EN,FT,Data Engineer,US,M
2463,SE,FT,Data Engineer,US,M
751,EN,FT,Data Analyst,US,M
262,SE,FT,Data Analyst,US,M
2581,SE,FT,Data Engineer,US,M
3578,EN,FT,Computer Vision Software Engineer,US,M
1055,SE,FT,Data Science Manager,US,M
2277,SE,FT,Data Engineer,PT,M
243,SE,FT,Data Scientist,US,M
2272,SE,FT,Data Engineer,US,M
3393,SE,FT,Data Analyst,US,M
2142,SE,FT,Data Engineer,US,M
3473,EN,FT,Data Analytics Engineer,PK,M
2176,SE,FT,Data Architect,US,M
378,SE,FT,Machine Learning Engineer,US,M
1607,MI,FT,Data Analyst,US,M
3334,SE,FT,Data Engineer,US,M
3113,MI,FT,Data Engineer,GB,M
964,SE,FT,Data Scientist,ES,M
949,SE,FT,Data Analyst,US,M
1440,SE,FT,Data Engineer,US,M
3235,MI,FT,Data Analyst,US,S
3474,SE,FT,Principal Data Scientist,US,L
2629,SE,FT,Data Engineer,US,M
805,SE,FT,Deep Learning Researcher,DE,L
2361,SE,FT,Data Engineer,US,M
1126,MI,FT,Data Infrastructure Engineer,US,M
1623,SE,FT,Data Scientist,US,M
444,SE,FT,Data Analyst,US,M
2893,MI,FT,Data Engineer,ES,M
2965,SE,FT,Machine Learning Infrastructure Engineer,US,M
3313,EX,FT,Analytics Engineer,US,M
3517,SE,FT,Data Scientist,US,L
1190,MI,FT,Data Engineer,US,M
3742,MI,FT,Data Scientist,US,M
3401,SE,FT,Data Scientist,US,M
3643,EX,FT,Director of Data Science,DE,L
2783,SE,FT,Data Analyst,ES,M
2764,SE,FT,Data Scientist,US,M
1331,SE,FT,Research Scientist,CA,M
1147,MI,FT,Data Analyst,US,M
58,EX,FT,Data Scientist,US,M
441,SE,FT,Applied Scientist,US,L
2103,SE,FT,Data Scientist,US,M
2313,SE,FT,Data Engineer,GB,M
3022,SE,FT,Machine Learning Engineer,US,M
3557,EX,FT,Head of Data,US,L
2819,EN,FT,Machine Learning Research Engineer,FR,M
3057,SE,FT,Machine Learning Scientist,US,M
2868,SE,FT,Applied Scientist,US,M
504,SE,FT,Data Engineer,US,M
2515,SE,FT,Data Engineer,US,M
1793,SE,FT,Data Scientist,CA,M
789,MI,FT,Data Scientist,US,M
2532,SE,FT,Data Scientist,US,M
1845,SE,FT,Data Scientist,US,M
5,SE,FT,Applied Scientist,US,L
706,MI,FT,Data Engineer,GB,M
1365,SE,FT,ML Engineer,US,M
1261,SE,FT,Machine Learning Engineer,US,M
2267,EN,FT,Data Engineer,US,M
2977,MI,FT,Data Science Manager,US,M
1236,EN,FT,Data Analyst,US,M
3332,SE,FT,Data Analyst,US,M
3021,SE,FT,Machine Learning Engineer,US,M
686,MI,FT,Data Engineer,US,M
3036,SE,FT,Data Architect,US,M
551,MI,FT,Data Engineer,US,M
1526,SE,FT,ML Engineer,US,M
2763,SE,FT,Machine Learning Engineer,PR,M
3606,EN,FT,Research Scientist,NL,L
2408,SE,FT,Data Scientist,US,M
1997,SE,FT,Data Engineer,US,M
2123,SE,FT,Data Engineer,US,M
3296,MI,FT,Data Analyst,US,M
3130,SE,FT,Data Engineer,US,M
271,SE,FT,Analytics Engineer,US,M
619,SE,FT,Data Scientist,US,M
2286,SE,FT,Data Scientist,US,M
230,SE,FT,Data Quality Analyst,US,M
3534,EN,FT,Data Analyst,US,S
1601,SE,FT,Data Engineer,US,M
2395,SE,FT,Data Scientist,US,M
2972,SE,FT,Data Scientist,US,M
2576,SE,FT,Data Analyst,US,M
1430,SE,FT,Data Scientist,US,M
1735,SE,FT,Data Analyst,US,M
644,SE,FT,Data Engineer,US,M
630,SE,FT,Data Engineer,US,L
3203,MI,FT,Data Engineer,GB,M
125,SE,FT,Data Engineer,US,M
3008,SE,FT,Data Analyst,US,M
1771,SE,FT,Machine Learning Engineer,US,M
2058,SE,FT,Data Analyst,US,M
98,SE,FT,Data Engineer,US,M
752,EN,FT,Data Analyst,US,M
247,SE,FT,Analytics Engineer,US,M
3351,MI,FT,Data Engineer,US,M
1016,SE,FT,Data Architect,US,M
2153,SE,FT,ML Engineer,US,M
2719,SE,FT,Data Engineer,US,L
1159,MI,FT,Data Engineer,US,M
3066,SE,FT,Analytics Engineer,US,S
1819,EN,FT,Data Engineer,US,M
2116,SE,FT,Data Architect,US,M
2823,SE,FT,Data Scientist,US,M
2806,SE,FT,Machine Learning Engineer,FI,S
2653,MI,FT,Data Scientist,US,M
3186,SE,FT,Data Architect,US,M
480,MI,FT,Machine Learning Scientist,US,M
2958,SE,FT,Analytics Engineer,US,M
2695,SE,FT,Data Engineer,US,M
888,MI,FT,Data Scientist,US,M
3476,MI,FT,ML Engineer,JP,S
1210,SE,FT,Machine Learning Engineer,US,M
626,SE,FT,Data Scientist,CA,M
301,SE,FT,Research Scientist,US,M
2930,SE,FT,Data Specialist,US,M
374,SE,FT,Data Engineer,US,M
2161,SE,FT,Data Engineer,CA,M
2843,SE,FT,ETL Developer,US,M
2411,MI,FT,Data Analyst,US,M
2946,SE,FT,Data Scientist,US,L
2553,MI,FT,Data Engineer,BR,M
3717,SE,FT,Data Engineer,GB,S
678,SE,FT,Data Manager,CO,M
1438,SE,FT,Data Analyst,US,M
3563,SE,FT,Marketing Data Analyst,DK,L
1317,SE,FT,Data Scientist,US,M
3743,MI,FT,Data Engineer,US,M
77,SE,FT,Data Architect,US,M
1066,SE,FT,Data Engineer,US,M
3215,MI,FT,Data Engineer,ES,M
430,SE,FT,Data Analyst,US,M
3077,SE,FT,Data Engineer,US,M
1097,SE,FT,Data Scientist,US,M
1809,SE,FT,Data Engineer,US,M
157,MI,FT,Data Analyst,GB,M
2752,SE,FT,Data Scientist,US,M
2663,SE,FT,Machine Learning Manager,US,M
2596,MI,FT,Data Engineer,GB,M
475,SE,FT,Data Analyst,US,M
1222,SE,FT,Data Analyst,ES,M
677,SE,FT,Data Manager,CO,M
2216,SE,FT,Data Engineer,US,M
720,SE,FT,Data Infrastructure Engineer,US,M
3532,MI,FT,Data Engineer,US,L
331,SE,FT,Data Engineer,US,M
2692,SE,FT,Machine Learning Engineer,US,M
2960,SE,FT,Analytics Engineer,US,M
3304,SE,FT,Data Engineer,US,M
289,SE,FT,Data Scientist,US,M
3242,MI,FT,Data Engineer,GB,M
3389,SE,FT,Data Analyst,US,M
1140,SE,FT,Machine Learning Software Engineer,US,M
877,MI,FT,Data Analyst,GB,M
3033,EN,FT,Data Analyst,AR,L
1981,SE,FT,Data Scientist,US,M
1670,SE,FT,Data Science Engineer,US,M
1657,SE,FT,Analytics Engineer,US,M
446,SE,FT,Applied Scientist,US,M
3222,MI,FT,Data Engineer,GB,M
927,SE,FT,Data Engineer,US,M
2743,SE,FT,Data Scientist,US,M
2472,EN,FT,Data Scientist,FR,L
496,MI,FT,MLOps Engineer,US,M
1720,SE,FT,NLP Engineer,US,M
3413,SE,FT,Data Engineer,US,M
1087,SE,FT,Machine Learning Engineer,CA,M
151,SE,FT,Analytics Engineer,US,M
565,SE,FT,Data Scientist,US,M
3262,MI,FT,Data Engineer,US,M
671,SE,FT,Research Engineer,US,M
1687,SE,FT,BI Developer,US,M
267,SE,FT,Data Engineer,US,L
2987,SE,FT,ETL Developer,US,M
436,SE,FT,Data Scientist,US,M
2544,SE,FT,Data Scientist,US,M
1804,SE,FT,Data Architect,US,M
2939,SE,FT,Data Analyst,PH,S
2978,SE,FT,Data Scientist,US,M
339,SE,FT,Data Analyst,CA,M
498,SE,FT,Data Engineer,US,M
3460,SE,FT,Data Science Manager,US,M
3011,SE,FT,Data Engineer,PR,M
494,SE,FT,AI Developer,UA,M
2354,SE,FT,Data Scientist,US,M
539,MI,FT,Machine Learning Engineer,US,M
213,SE,FT,Data Scientist,CA,M
34,SE,FT,Computer Vision Engineer,US,M
628,MI,FT,Data Engineer,US,M
2145,SE,FT,Data Scientist,US,M
1006,SE,FT,Machine Learning Engineer,US,M
2321,SE,FT,Data Engineer,US,M
1583,SE,FT,Data Analyst,US,M
2486,SE,FT,Analytics Engineer,GB,M
2511,SE,FT,Data Engineer,US,M
3646,MI,FT,Data Scientist,HU,L
620,SE,FT,Data Scientist,US,M
3112,SE,FT,Data Engineer,US,M
258,SE,FT,Data Engineer,US,M
1753,EN,FT,Deep Learning Engineer,US,M
1294,SE,FT,Data Analyst,US,M
2720,SE,FT,Data Engineer,US,L
2712,MI,FT,Data Scientist,TR,M
947,SE,FT,Machine Learning Engineer,US,M
1401,SE,FT,Data Scientist,US,M
2950,SE,FT,Data Engineer,US,M
1455,SE,FT,Data Analyst,US,M
1540,SE,FT,Data Engineer,US,M
2899,SE,FT,Analytics Engineer,GB,M
2379,MI,FT,Machine Learning Engineer,CH,L
3099,SE,FT,Data Science Manager,US,M
2330,SE,FT,Data Scientist,US,M
1707,SE,FT,Research Scientist,US,M
2370,SE,FT,Data Scientist,US,M
2136,SE,FT,Machine Learning Engineer,US,M
1138,SE,FT,Data Architect,US,M
503,SE,FT,Data Engineer,US,M
214,SE,FT,Data Scientist,CA,M
972,MI,FT,Business Data Analyst,BR,M
3093,EN,FT,Machine Learning Engineer,GB,L
3452,SE,FT,Machine Learning Developer,CA,M
2312,SE,FT,Data Engineer,GB,M
1847,MI,FT,Data Engineer,US,M
1328,MI,FT,Data Analyst,GB,M
2389,SE,FT,Data Analyst,US,M
2668,SE,FT,Data Analyst,US,M
184,MI,FT,ETL Engineer,GB,M
2293,SE,FT,Data Science Manager,US,M
1816,MI,FT,Data Scientist,IN,L
905,SE,FT,Machine Learning Engineer,US,M
1217,SE,FT,Data Architect,US,M
3482,SE,FT,Research Scientist,US,L
1865,MI,FT,Data Engineer,US,M
1779,SE,FT,Data Scientist,CA,M
1109,SE,FT,Data Analyst,US,S
2686,MI,FT,Research Scientist,DE,S
2399,SE,FT,Data Scientist,US,M
2502,SE,FT,Data Engineer,US,M
1023,SE,FT,Research Engineer,DE,S
3440,SE,FT,Data Engineer,US,M
3358,SE,FT,Data Architect,US,M
3243,MI,FT,Data Engineer,GB,M
2664,SE,FT,Machine Learning Manager,US,M
1375,EX,FT,Data Engineer,US,M
1088,SE,FT,Machine Learning Engineer,CA,M
873,SE,FT,Data Engineer,US,M
3258,SE,FT,Data Analyst,US,M
3511,EN,FT,BI Data Analyst,US,S
2275,MI,FT,Data Engineer,US,M
2038,SE,FT,Data Engineer,ES,M
3514,EN,FT,Big Data Engineer,US,L
471,EN,FT,Data Engineer,NL,L
2795,SE,FT,Data Architect,US,L
1031,SE,FT,Data Analyst,US,M
402,SE,FT,Analytics Engineer,US,M
2468,SE,FT,Data Analyst,US,M
672,SE,FT,Research Engineer,US,M
1475,SE,FT,Data Engineer,CA,M
2862,EN,FT,Data Engineer,GB,L
1613,SE,FT,Data Scientist,US,M
1980,SE,FT,Data Engineer,US,M
2869,SE,FT,Applied Scientist,US,M
2647,MI,FT,Data Manager,US,M
3614,SE,FT,Data Engineer,US,L
3260,MI,FT,Data Scientist,US,M
629,SE,FT,Data Engineer,US,L
1017,SE,FT,Machine Learning Engineer,US,M
2393,SE,FT,Data Engineer,US,M
836,EN,FT,AI Developer,DE,L
3444,MI,FT,Head of Data,EE,S
1985,SE,FT,Research Scientist,US,M
2220,MI,FT,Data Analytics Manager,US,M
1396,EX,FT,Head of Data Science,US,M
1053,SE,FT,Data Analyst,US,M
294,SE,FT,Applied Scientist,US,L
721,SE,FT,Data Infrastructure Engineer,US,M
3506,MI,FT,Data Engineer,DE,S
898,SE,FT,Data Scientist,US,M
988,SE,FT,Data Analyst,IN,S
1880,SE,FT,Data Scientist,US,M
3692,MI,FT,Data Engineer,GB,S
278,SE,FT,Research Scientist,US,M
1719,SE,FT,Data Engineer,US,M
3295,SE,FT,Data Scientist,US,M
2406,SE,FT,Data Engineer,US,M
42,EN,FT,Applied Scientist,US,L
1582,MI,FT,Data Scientist,US,M
1843,MI,FT,Data Scientist,US,M
2181,SE,FT,Data Analyst,US,M
1234,SE,FT,Data Engineer,US,M
983,EN,FT,Computer Vision Engineer,US,M
3661,SE,FT,Data Analytics Engineer,GB,M
1244,SE,FT,Data Engineer,US,M
3063,SE,FT,Cloud Data Architect,US,L
3715,SE,FT,Finance Data Analyst,GB,L
695,SE,FT,Data Engineer,US,M
1856,SE,FT,Data Scientist,US,M
2252,SE,FT,Data Scientist,US,M
653,SE,FT,Data Analyst,US,M
1573,SE,FT,Data Scientist,US,M
1920,SE,FT,Data Engineer,US,M
3216,SE,FT,Data Scientist,US,M
3048,SE,FT,Data Engineer,US,M
1909,SE,FT,Data Engineer,US,M
2501,EN,PT,Data Analyst,US,S
66,SE,FT,Data Engineer,US,M
298,SE,FT,Data Analyst,US,M
2986,SE,FT,ETL Developer,US,M
2372,SE,FT,Data Scientist,US,M
738,MI,FT,Lead Data Analyst,IN,L
3072,MI,FT,Data Analyst,US,M
3225,SE,FT,Data Science Engineer,MX,L
158,MI,FT,Data Analyst,GB,M
554,EX,FT,Data Scientist,US,M
2309,MI,FT,Data Engineer,US,M
861,EX,FT,Data Engineer,US,M
771,SE,FT,Data Engineer,GB,M
319,SE,FT,Data Scientist,US,M
2050,SE,FT,Data Scientist,US,M
1289,SE,FT,Data Analyst,US,M
2785,MI,FT,Data Scientist,GB,M
1680,SE,FT,Data Engineer,US,M
550,SE,FT,Data Scientist,US,M
3366,MI,FT,Data Scientist,US,M
3268,SE,FT,Data Scientist,GB,M
3403,MI,FT,Data Scientist,GB,M
1191,MI,FT,Data Science Lead,GB,M
3201,MI,FT,Data Engineer,ES,M
1949,SE,FT,Data Engineer,US,M
1092,MI,FT,Deep Learning Engineer,US,M
3007,MI,FT,Data Engineer,GB,M
2847,SE,FT,Data Scientist,US,M
1215,SE,FT,Data Engineer,US,M
3465,SE,FT,Data Science Manager,US,L
3141,SE,FT,Data Engineer,US,M
2040,SE,FT,Data Specialist,US,M
1739,MI,FT,Business Data Analyst,IN,L
3132,SE,FT,Data Analyst,US,M
589,EX,FT,Data Engineer,US,M
1649,EX,FT,Data Engineer,US,M
3046,SE,FT,Machine Learning Engineer,US,L
2086,SE,FT,Data Analyst,US,M
1043,SE,FT,Data Engineer,US,M
2741,SE,FT,Data Engineer,US,M
2317,SE,FT,Data Engineer,US,M
1791,SE,FT,Research Scientist,US,M
1446,SE,FT,Data Scientist,US,M
3037,SE,FT,Data Architect,US,M
1970,MI,FT,Computer Vision Engineer,FR,S
1682,SE,FT,Data Scientist,US,M
431,SE,FT,Machine Learning Engineer,US,M
2104,SE,FT,Data Scientist,US,M
853,SE,FT,Data Analyst,US,M
1966,EN,FT,Data Analyst,US,M
2907,SE,FT,Data Scientist,US,M
3651,EN,FT,BI Data Analyst,KE,S
1655,MI,FT,Data Analyst,US,M
198,SE,FT,Data Architect,US,M
1667,MI,FT,Data Analyst,US,M
587,SE,FT,Data Engineer,US,M
1085,SE,FT,Research Engineer,US,M
880,SE,FT,Data Analyst,US,M
2822,SE,FT,Data Scientist,US,M
1405,EX,FT,Data Engineer,US,M
645,SE,FT,Data Engineer,US,M
3380,SE,FT,Data Analyst,US,M
2316,EN,FT,Data Scientist,US,M
1169,SE,FT,Data Scientist,US,M
175,SE,FT,Data Analyst,CF,M
757,SE,FT,Data Analyst,US,M
1187,SE,FT,Machine Learning Engineer,US,M
1635,SE,FT,Data Scientist,US,M
774,SE,FT,Data Engineer,US,M
41,MI,FT,Machine Learning Engineer,IN,L
689,MI,FT,Data Scientist,US,M
3631,SE,CT,Staff Data Scientist,US,M
2453,SE,FT,Data Engineer,US,M
3592,MI,FT,Data Engineer,FR,L
3075,MI,FL,Applied Machine Learning Scientist,IN,S
1037,SE,FT,Data Engineer,US,M
1029,SE,FT,Machine Learning Engineer,US,M
379,SE,FT,Data Engineer,US,M
1639,SE,FT,BI Developer,US,M
758,SE,FT,Data Analyst,US,M
466,MI,FT,Data Architect,US,M
1594,SE,FT,Data Engineer,US,M
2160,SE,FT,Data Engineer,CA,M
3199,MI,FT,Data Analyst,ES,M
3749,SE,FT,Data Specialist,US,L
1533,MI,FT,Data Analyst,US,M
2569,EN,FT,Data Scientist,US,L
1467,SE,FT,Data Manager,US,M
1148,MI,FT,Data Analyst,US,M
3454,MI,FT,Principal Data Analyst,CA,S
1890,SE,FT,Cloud Database Engineer,US,M
1220,SE,FT,Data Engineer,US,M
2334,SE,FT,Machine Learning Engineer,US,M
1814,SE,FT,Machine Learning Engineer,US,L
3732,MI,FT,Data Scientist,US,L
1359,SE,FT,Data Scientist,US,M
3712,SE,FT,Data Analytics Manager,US,L
387,MI,FT,Data Scientist,US,M
2937,MI,FT,Data Analytics Consultant,US,L
1134,SE,FT,Data Engineer,US,M
1070,MI,FT,AI Scientist,ES,L
1581,MI,FT,Data Scientist,US,M
1402,EN,FT,BI Developer,US,M
2167,SE,FT,Data Analyst,US,M
2227,MI,FT,Data Scientist,US,M
3739,MI,FT,Data Engineer,NL,L
1665,SE,FT,Data Engineer,US,M
2941,SE,FT,Data Scientist,US,M
2082,MI,FT,Data Scientist,US,M
2077,MI,FT,Machine Learning Researcher,US,M
666,SE,FT,Data Analyst,US,M
458,EN,FT,Data Engineer,US,M
269,SE,FT,Analytics Engineer,US,M
1002,SE,FT,Data Scientist,US,M
2230,SE,FT,Data Scientist,US,M
3638,MI,FT,Data Scientist,DE,S
2555,SE,FT,Data Architect,US,M
3560,EN,FT,Machine Learning Scientist,US,L
883,SE,FT,Data Analyst,US,M
2336,SE,FT,Data Engineer,US,M
1393,SE,FT,Data Analyst,US,M
1532,SE,FT,Data Engineer,US,M
2323,SE,FT,Analytics Engineer,US,M
2459,SE,FT,Data Engineer,US,M
13,EN,FT,Applied Scientist,US,L
2976,MI,FT,Data Science Manager,US,M
2698,MI,FT,BI Data Analyst,AU,L
2528,SE,FT,Data Architect,US,M
2046,SE,FT,Data Scientist,ES,M
2710,EX,FT,Data Engineer,US,M
3642,SE,FT,Lead Data Scientist,US,S
1380,SE,FT,Machine Learning Engineer,US,M
3586,MI,FT,Data Engineer,US,L
1018,SE,FT,Machine Learning Engineer,US,M
2124,SE,FT,Data Engineer,US,M
2110,SE,FT,Data Engineer,US,M
3406,MI,FT,Data Scientist,US,M
3395,SE,FT,Data Analyst,US,M
3669,MI,FT,Data Scientist,CL,L
3028,SE,FT,Data Scientist,US,M
1694,SE,FT,Applied Scientist,US,L
2923,EN,PT,Computer Vision Software Engineer,DK,L
2656,SE,FT,Data Engineer,PT,M
3550,MI,FT,Data Engineer,US,L
1558,SE,FT,Data Science Manager,US,M
39,EN,FT,Data Quality Analyst,NG,L
507,SE,FT,Data Analyst,US,M
1515,SE,FT,Data Scientist,US,M
670,SE,FT,Machine Learning Engineer,US,M
3035,MI,FT,Lead Data Scientist,GB,S
1146,SE,FT,Machine Learning Software Engineer,US,M
2874,SE,FT,Data Scientist,US,M
2601,SE,FT,Data Scientist,US,M
3297,MI,FT,Data Analyst,US,M
2147,SE,FT,Machine Learning Software Engineer,CA,M
1904,SE,FT,Data Engineer,US,M
1086,SE,FT,Research Engineer,US,M
1112,SE,FT,Data Analyst,US,M
59,EX,FT,Data Scientist,US,M
3105,SE,FT,Machine Learning Engineer,US,M
1431,MI,FT,Machine Learning Engineer,US,M
2475,SE,FT,Data Analyst,US,M
684,MI,FT,Data Analyst,US,M
145,SE,FT,Machine Learning Engineer,US,M
2979,SE,FT,Data Scientist,US,M
2437,MI,FT,Data Scientist,US,M
851,MI,FT,Data Scientist,FR,M
3434,EN,FT,Computer Vision Engineer,LU,M
2772,SE,FT,Data Engineer,US,M
148,SE,FT,Data Engineer,US,M
1650,EX,FT,Data Engineer,US,M
1899,SE,FT,Machine Learning Engineer,US,M
724,SE,FT,Analytics Engineer,US,M
1584,SE,FT,Data Analyst,US,M
917,MI,FT,Data Analyst,GB,M
2894,SE,FT,Data Scientist,US,M
567,SE,FT,Machine Learning Scientist,US,M
1275,MI,FT,Data Analyst,US,M
1733,SE,FT,Data Analyst,US,M
2118,MI,FT,Business Data Analyst,US,M
35,MI,FT,Data Engineer,US,M
88,SE,FT,Data Engineer,US,M
3662,EN,FT,Data Scientist,FR,M
1499,SE,FT,Data Scientist,US,M
2401,SE,FT,Data Architect,US,M
3264,SE,FT,Data Analyst,US,M
2071,MI,FT,Machine Learning Researcher,US,M
2589,SE,FT,Product Data Scientist,SG,L
605,MI,FT,Data Analyst,US,M
934,SE,FT,Data Engineer,US,M
365,MI,FT,Data Analyst,US,M
1631,SE,FT,ML Engineer,US,M
3232,SE,FT,Data Scientist,US,M
3519,EX,FT,Head of Data,RU,L
1449,SE,FT,Data Scientist,US,M
1827,SE,FT,Data Scientist,US,M
2793,SE,FT,Machine Learning Engineer,US,L
2681,SE,FT,Data Scientist,US,L
2959,SE,FT,Analytics Engineer,US,M
2206,EN,FT,3D Computer Vision Researcher,CR,S
3023,MI,FT,Data Analyst,IN,S
2844,SE,FT,ETL Developer,US,M
1395,SE,FT,Data Engineer,US,M
2864,SE,FT,Data Engineer,US,M
2821,SE,FT,Data Architect,US,M
1390,MI,FT,Data Analyst,US,M
2737,SE,FT,Analytics Engineer,US,M
1713,SE,FT,Data Scientist,US,M
3308,SE,FT,Data Engineer,US,M
1235,EN,FT,Data Analyst,US,M
904,SE,FT,Machine Learning Engineer,US,M
1410,SE,FT,Data Scientist,US,M
664,SE,FT,Data Engineer,US,M
2580,SE,FT,Data Engineer,US,M
611,EN,FT,Data Engineer,US,M
2955,MI,FT,Data Scientist,NL,S
333,SE,FT,Data Analyst,US,M
3138,EN,FT,Data Analyst,PT,M
1174,MI,FT,Data Engineer,US,M
753,MI,FT,Analytics Engineer,US,M
652,SE,FT,Data Analyst,US,M
381,SE,FT,Data Analyst,US,M
3012,SE,FT,Machine Learning Engineer,US,M
916,MI,FT,Data Analyst,GB,M
3375,SE,FT,Data Scientist,US,M
1638,SE,FT,Data Engineer,US,M
1404,EX,FT,Data Engineer,US,M
2106,SE,FT,Data Engineer,US,M
685,MI,FT,Data Engineer,US,M
2307,SE,FT,Data Engineer,US,M
1618,MI,FT,Data Engineer,US,M
168,MI,FT,Data Engineer,US,M
1133,SE,FT,Data Engineer,US,M
3374,SE,FT,Data Scientist,US,M
1828,SE,FT,Data Science Consultant,US,M
2917,SE,FT,Data Scientist,US,M
1046,SE,FT,Data Engineer,US,M
3103,SE,FT,Data Analyst,US,M
3310,EX,FT,Head of Data Science,US,M
692,SE,FT,Data Engineer,US,M
1329,EX,FT,Data Engineer,US,M
3091,SE,FT,Data Specialist,US,L
1084,SE,FT,Data Engineer,US,M
3173,SE,FT,Data Engineer,US,M
2800,EN,FT,BI Data Analyst,IN,M
1320,MI,FT,Machine Learning Engineer,GB,M
2465,SE,FT,Data Scientist,US,M
3605,EN,FT,Data Engineer,IN,M
1000,SE,FT,Data Analyst,US,M
2803,SE,FT,Data Engineer,US,L
0,SE,FT,Principal Data Scientist,ES,L
2713,SE,FT,Data Engineer,US,M
3400,SE,FT,Data Scientist,US,M
2805,MI,CT,NLP Engineer,US,S
602,EN,FT,Data Engineer,US,M
3409,SE,FT,Machine Learning Engineer,AE,S
140,SE,FT,Data Scientist,US,M
3016,SE,FT,Data Analyst,GB,M
2241,MI,FT,Data Specialist,US,M
3538,MI,CT,ML Engineer,US,L
1508,SE,FT,Data Engineer,US,M
735,MI,FT,Data Scientist,IN,L
784,SE,FT,Machine Learning Engineer,US,M
440,SE,FT,Applied Scientist,US,L
887,MI,FT,Data Engineer,US,M
2346,SE,FT,Machine Learning Engineer,US,M
2171,SE,FT,Data Analyst,US,M
1858,MI,FT,Data Scientist,FR,M
343,SE,FT,Machine Learning Engineer,US,M
3551,SE,FT,Data Analytics Engineer,DE,L
2616,SE,FT,Data Analyst,US,M
455,SE,FT,Data Engineer,US,M
2612,SE,FT,Data Scientist,US,M
1280,EN,FT,Data Analyst,US,M
2239,SE,FT,Data Engineer,US,M
3354,MI,FT,Data Analyst,GB,M
2023,EN,FT,Data Analyst,US,L
816,EN,FT,Data Engineer,US,M
1871,EN,FT,Data Engineer,US,M
131,SE,FT,Data Engineer,US,M
2778,MI,FT,Data Engineer,GB,M
2006,SE,FT,Machine Learning Engineer,US,M
274,EX,FT,Data Engineer,US,M
739,MI,FT,Machine Learning Engineer,US,M
2002,SE,FT,Data Analyst,US,M
128,SE,FT,Data Engineer,US,M
2067,SE,FT,Applied Scientist,US,M
1165,EN,PT,Data Analyst,IN,L
1200,SE,FT,Machine Learning Engineer,US,M
3289,SE,FT,Data Analyst,CA,M
1585,SE,FT,Data Scientist,US,M
2776,MI,FT,Data Operations Engineer,US,M
1479,SE,FT,Data Engineer,US,M
2624,SE,FT,Data Analyst,US,M
1600,SE,FT,Data Scientist,US,M
1219,SE,FT,Data Engineer,US,M
2812,SE,FT,Analytics Engineer,US,M
1870,MI,FT,Data Engineer,US,M
1764,SE,FT,Machine Learning Engineer,US,M
3591,EN,FT,Data Scientist,US,S
1060,SE,FT,Data Manager,US,M
2174,SE,FT,Data Engineer,US,M
3154,MI,FT,Data Engineer,DE,S
1528,EN,FT,AI Developer,BA,S
2565,SE,FT,Data Analyst,US,M
1429,SE,FT,Data Scientist,US,M
3082,SE,FT,Data Architect,US,M
1786,SE,FT,Data Scientist,US,M
1950,MI,FT,Data Analyst,US,M
1209,SE,FT,Machine Learning Engineer,US,M
1416,EN,FT,Data Engineer,US,M
3607,MI,FT,Lead Data Scientist,AE,L
2292,SE,FT,Data Scientist,US,M
892,SE,FT,Data Engineer,US,M
296,EX,FT,Analytics Engineer,US,M
2929,SE,FT,Data Scientist,US,M
2282,SE,FT,Data Science Manager,US,M
1116,SE,FT,Machine Learning Engineer,US,M
1212,SE,FT,Data Engineer,US,M
48,SE,FT,Data Scientist,US,M
90,SE,FT,Data Engineer,US,M
1476,SE,FT,Data Engineer,US,L
3064,EX,FT,Research Scientist,NL,L
1873,EN,FT,Data Science Consultant,IT,M
3431,SE,FT,Machine Learning Engineer,IE,S
2701,SE,FT,Data Engineer,US,L
1389,SE,FT,Data Engineer,US,M
3554,MI,FT,Data Scientist,US,S
1893,MI,FT,Data Engineer,US,M
93,SE,FT,Data Scientist,US,M
3040,SE,FT,Data Engineer,US,L
1605,EX,FT,Data Scientist,US,M
1615,SE,FT,Data Scientist,US,M
472,EX,FT,Data Engineer,US,M
3181,MI,FT,ETL Developer,GR,M
1120,SE,FT,Machine Learning Engineer,US,M
133,SE,FT,Machine Learning Engineer,US,L
420,EN,FT,Research Engineer,US,M
1452,SE,FT,Data Analyst,US,M
1321,SE,FT,Computer Vision Software Engineer,CA,L
3501,MI,FT,Big Data Engineer,RO,M
3379,SE,FT,Data Scientist,US,M
3694,MI,FT,Machine Learning Engineer,SI,L
2729,SE,FT,Data Engineer,US,M
1175,SE,FT,Machine Learning Infrastructure Engineer,FR,M
2497,SE,FT,Data Analyst,US,M
1876,EN,FT,Data Engineer,US,M
2179,EN,FT,Machine Learning Engineer,US,M
2650,EN,FT,BI Data Analyst,US,L
3312,EX,FT,Analytics Engineer,US,M
938,SE,FT,Data Scientist,US,M
1019,SE,FT,Lead Data Scientist,US,L
2715,SE,FT,Data Engineer,US,L
2659,SE,FT,Data Engineer,US,M
3528,MI,FT,Data Scientist,CA,L
172,SE,FT,Data Engineer,US,M
232,SE,FT,Data Scientist,US,M
2826,EX,FT,Data Science Manager,US,M
2025,MI,FT,MLOps Engineer,US,M
3728,MI,FT,Data Scientist,ES,M
212,SE,FT,Machine Learning Engineer,US,M
3168,SE,FT,Data Engineer,US,L
2209,SE,FT,Data Engineer,US,M
1511,SE,FT,Data Engineer,US,M
185,MI,FT,ETL Engineer,GB,M
2975,EN,FT,BI Data Analyst,BR,L
961,SE,FT,Data Engineer,US,M
3270,SE,FT,Data Scientist,US,M
1948,SE,FT,Data Engineer,US,M
2273,MI,FT,Data Analyst,CA,M
2996,SE,FT,Data Architect,US,M
1548,EN,FT,AI Developer,MK,S
2471,EN,FT,Data Analyst,US,L
1799,SE,FT,Data Engineer,US,M
2245,MI,FT,Deep Learning Engineer,GB,M
2097,SE,FT,Analytics Engineer,US,M
1185,SE,FT,Machine Learning Engineer,US,M
479,EX,FT,Director of Data Science,US,M
881,SE,FT,Data Analyst,US,M
1998,SE,FT,Data Engineer,US,M
2207,SE,FT,Data Engineer,US,L
2932,MI,FT,Applied Machine Learning Scientist,US,M
3480,EN,FT,Data Scientist,US,S
178,SE,FT,Data Engineer,US,M
1312,SE,FT,Research Scientist,US,M
87,SE,FT,Data Engineer,US,M
2552,SE,FT,Data Analyst,US,M
135,MI,FT,Data Engineer,US,M
236,SE,FT,Data Engineer,US,M
1500,SE,FT,Data Engineer,US,M
3441,SE,FT,Data Engineer,US,M
737,EN,FT,AI Developer,SE,M
3388,SE,FT,Data Analyst,US,M
2088,SE,FT,Data Engineer,US,M
2157,MI,FT,Data Scientist,US,M
3753,EN,CT,Business Data Analyst,US,L
3290,SE,FT,Data Analyst,CA,M
3637,SE,FT,Lead Data Engineer,US,S
616,EN,FT,Data Engineer,US,M
1480,EN,FT,Data Scientist,US,M
1493,SE,FT,Data Engineer,US,M
1702,MI,FT,Data Scientist,US,M
1592,SE,FT,Data Scientist,US,M
827,SE,FT,Data Analyst,US,M
1887,SE,FT,Data Scientist,US,M
923,SE,FT,Data Engineer,US,M
3741,MI,FT,Data Scientist,US,M
242,SE,FT,Data Scientist,US,L
357,SE,FT,Data Scientist,US,M
375,SE,FT,Data Analytics Manager,US,M
3481,EN,PT,Data Scientist,DZ,M
922,SE,FT,Data Engineer,US,M
1130,SE,FT,Machine Learning Engineer,US,M
3169,SE,FT,Data Engineer,US,L
264,SE,FT,Data Scientist,ES,M
1746,EN,FT,Data Scientist,US,M
1659,SE,FT,Machine Learning Engineer,US,M
3576,EN,PT,ML Engineer,DE,S
2148,SE,FT,Machine Learning Software Engineer,CA,M
3323,SE,FT,Data Engineer,US,M
169,SE,FT,Analytics Engineer,US,M
796,MI,FT,Data Analytics Manager,US,M
2614,SE,FT,Data Engineer,US,M
363,SE,FT,Data Scientist,US,M
1397,EX,FT,Head of Data Science,US,M
240,SE,FT,Data Scientist,US,M
1929,SE,FT,Data Engineer,US,M
1295,SE,FT,Data Analyst,US,M
2832,EX,FT,Data Engineer,US,M
395,EN,FT,Data Engineer,US,M
306,SE,FT,Data Scientist,US,M
1065,SE,FT,Data Analyst,US,M
2621,SE,FT,Data Science Consultant,US,M
3678,MI,FT,Data Scientist,IN,M
2755,SE,FT,Data Analyst,US,M
2725,SE,FT,Data Scientist,US,L
1357,SE,FT,Data Engineer,US,M
1943,MI,FT,Data Engineer,US,M
948,SE,FT,Data Analyst,US,M
19,MI,FT,Data Analyst,US,M
288,SE,FT,Data Scientist,US,M
305,SE,FT,Data Engineer,US,M
2540,SE,FT,Data Engineer,US,M
459,SE,FT,Data Engineer,US,M
3279,SE,FT,Data Science Manager,US,M
2017,EN,FT,BI Data Analyst,DE,L
1074,SE,FT,Data Scientist,US,M
3644,EN,FT,Big Data Engineer,IN,L
548,SE,FT,Data Engineer,US,M
16,SE,FT,Data Modeler,US,M
1014,SE,FT,Machine Learning Engineer,US,M
3720,MI,FT,Big Data Engineer,MD,S
3191,SE,FT,Data Analyst,US,M
3746,MI,FT,Data Scientist,IL,M
3293,SE,FT,Data Engineer,US,L
2392,SE,FT,Data Engineer,US,M
828,SE,FT,Data Analyst,US,M
3423,MI,FT,Data Scientist,IN,L
3721,SE,FL,Computer Vision Engineer,US,S
1351,SE,FT,BI Developer,US,M
3246,SE,FT,Data Analyst,US,M
2428,SE,FT,Data Engineer,US,M
1188,SE,FT,Machine Learning Engineer,US,M
1477,SE,FT,Data Engineer,US,L
74,SE,FT,Computer Vision Engineer,US,M
8,SE,FT,Data Scientist,CA,M
886,MI,FT,Data Engineer,US,M
3611,MI,FT,Data Architect,US,L
697,SE,FT,Data Scientist,US,M
1729,MI,FT,Research Engineer,US,M
3744,SE,FT,Machine Learning Engineer,HR,S
2770,SE,FT,Data Scientist,US,M
2905,SE,FT,Data Scientist,US,M
583,MI,FT,Data Scientist,GB,M
2833,EX,FT,Data Engineer,US,M
91,SE,FT,Data Scientist,ES,M
218,SE,FT,Applied Data Scientist,FI,M
2201,SE,FT,Data Engineer,US,M
1454,SE,FT,Data Analyst,US,M
2322,SE,FT,Data Engineer,US,M
3306,SE,FT,Data Analyst,US,M
2953,MI,FT,Data Scientist,US,M
1691,SE,FT,Data Engineer,US,M
952,SE,FT,Data Engineer,US,M
1625,SE,FT,Data Scientist,US,M
2493,SE,FT,Data Scientist,US,M
915,SE,FT,Data Scientist,US,M
2480,SE,FT,Data Scientist,US,M
2854,SE,FT,Data Engineer,US,M
704,MI,FT,Data Analyst,US,M
2429,SE,FT,Data Engineer,US,M
809,SE,FT,BI Analyst,US,M
199,SE,FT,Data Architect,US,M
846,MI,FT,Research Scientist,US,M
3227,MI,FT,Data Engineer,US,M
2053,SE,FT,Data Scientist,US,M
3553,EN,FT,Data Analyst,US,M
956,SE,FT,Research Scientist,US,M
3026,MI,FT,BI Data Analyst,DE,S
3319,SE,FT,Data Scientist,US,L
2383,SE,FT,Machine Learning Engineer,US,M
2685,SE,CT,Data Analyst,US,M
3679,MI,FT,Data Scientist,GB,L
2010,SE,FT,Machine Learning Engineer,MX,M
405,EN,FT,Research Engineer,US,M
2593,MI,FT,Data Analyst,US,M
2967,MI,FT,Machine Learning Engineer,GB,L
2419,MI,FT,Data Engineer,US,M
284,SE,FT,Data Scientist,US,M
1923,SE,FT,Data Engineer,US,M
2809,SE,FT,Data Engineer,US,M
3121,SE,FT,Data Scientist,US,L
188,SE,FT,Data Engineer,US,M
783,SE,FT,Machine Learning Engineer,US,M
1971,SE,FT,Data Engineer,US,M
1692,SE,FT,Data Scientist,US,M
1311,SE,FT,Research Scientist,US,M
1530,SE,FT,Data Engineer,US,M
800,SE,FT,Data Architect,US,M
2303,SE,FT,Data Analyst,US,M
3196,MI,FT,Data Analyst,GB,M
621,MI,FT,Data Engineer,US,M
1193,SE,FT,Data Scientist,US,M
909,MI,FT,Machine Learning Infrastructure Engineer,US,M
3639,SE,FT,Machine Learning Engineer,IN,L
3459,MI,FT,Research Scientist,AT,L
3067,EX,FT,Data Science Manager,US,M
1291,MI,FT,Data Analyst,US,M
576,SE,FT,Data Engineer,CA,M
3231,MI,FT,Data Science Manager,US,M
3735,EN,PT,AI Scientist,US,S
2451,EN,FT,Data Engineer,GB,M
1866,MI,FT,Data Engineer,US,M
1521,SE,FT,BI Analyst,US,M
2962,SE,FT,Data Engineer,US,M
1233,SE,FT,Data Engineer,US,M
3626,EN,FT,Data Scientist,US,L
3499,EN,FT,Data Analyst,US,M
2003,SE,FT,Data Engineer,US,M
14,EN,FT,Applied Scientist,US,L
3360,SE,FT,Data Scientist,US,M
1783,SE,FT,Data Scientist,US,M
253,SE,FT,Data Analyst,US,M
186,EN,FT,Data Analyst,US,M
2859,SE,FT,Data Engineer,US,M
2189,SE,FT,Data Engineer,US,M
1677,SE,FT,Data Scientist,US,M
2534,SE,FT,Data Engineer,US,M
2219,SE,FT,Analytics Engineer,US,M
465,MI,FT,Data Architect,US,M
2247,SE,FT,Data Engineer,US,M
2225,SE,FT,Data Engineer,US,M
3458,EN,FT,Data Engineer,DE,M
1933,EX,FT,Data Engineer,US,M
1277,MI,FT,Data Analyst,GB,M
1335,MI,FT,Data Scientist,US,M
3610,MI,FT,Head of Data Science,US,S
2269,MI,FT,Data Engineer,US,M
3281,SE,FT,Data Scientist,US,M
1926,MI,FT,Data Engineer,GB,M
3251,SE,FT,Data Engineer,US,M
2723,SE,FT,Data Analyst,US,M
2496,SE,FT,Data Analyst,US,M
118,SE,FT,Analytics Engineer,US,M
1704,MI,FT,Machine Learning Research Engineer,GB,L
1710,MI,FT,Machine Learning Engineer,GB,M
2634,SE,FT,Data Engineer,US,M
2797,SE,FT,Data Architect,US,M
875,MI,FT,Data Engineer,US,M
3054,SE,FT,Data Scientist,US,L
960,SE,FT,Data Engineer,US,M
2152,SE,FT,ML Engineer,US,M
2524,EN,FT,Data Scientist,US,M
3697,EX,FT,Director of Data Science,US,L
2578,EN,FT,Power BI Developer,IN,L
477,SE,FT,Data Engineer,US,M
3396,SE,FT,Data Scientist,US,M
557,SE,FT,Data Analyst,US,M
3342,SE,FT,Data Architect,US,M
159,SE,FT,Data Engineer,US,M
1091,MI,FT,Deep Learning Engineer,US,M
1912,MI,FT,Data Analyst,US,M
807,SE,FT,Data Engineer,US,M
427,SE,FT,Machine Learning Engineer,US,M
3102,MI,FT,Data Scientist,GB,M
1373,SE,FT,Data Engineer,US,M
790,MI,FT,Data Scientist,US,M
713,MI,FT,Financial Data Analyst,US,L
2016,SE,FT,Data Analyst,US,M
2281,SE,FT,Data Science Manager,US,M
505,SE,FT,Machine Learning Engineer,US,M
2615,SE,FT,Data Engineer,US,M
147,SE,FT,Data Engineer,US,M
1778,SE,FT,Data Scientist,CA,M
500,SE,FT,Data Engineer,US,M
121,SE,FT,Machine Learning Engineer,US,M
1015,SE,FT,Data Architect,US,M
464,SE,FT,Data Scientist,US,M
823,SE,FT,Data Scientist,US,M
1792,SE,FT,Data Scientist,CA,M
3542,MI,FT,Data Engineer,PL,L
2676,SE,FT,Data Analyst,ES,M
1264,EX,FT,Data Engineer,US,M
3552,SE,FT,Lead Data Analyst,US,L
864,EN,FT,Data Analyst,US,M
1686,SE,FT,BI Developer,US,M
2413,MI,FT,Data Analyst,US,M
659,SE,FT,Cloud Database Engineer,US,L
468,SE,FT,Data Scientist,US,M
838,MI,FT,Data Engineer,MX,M
1911,MI,FT,Data Analyst,US,M
1523,MI,FT,Data Analyst,US,M
2182,SE,FT,Data Analyst,US,M
2488,SE,FT,Data Analyst,US,M
2908,SE,FT,Data Analyst,US,L
2522,EX,FT,Analytics Engineer,US,M
1111,EN,FT,Data Analyst,US,M
454,MI,FT,Data Analyst,GB,M
2011,MI,FT,Data Analyst,GB,M
2074,MI,FT,Machine Learning Engineer,US,M
2377,SE,FT,Data Analyst,US,M
3589,EN,FT,Data Scientist,IN,M
3090,SE,FT,Data Scientist,US,L
688,SE,FT,Data Science Manager,US,M
3624,SE,FT,Data Scientist,TR,L
1716,SE,FT,Data Scientist,US,M
2916,EX,FT,AI Scientist,US,S
3047,SE,FT,Machine Learning Engineer,US,L
1989,MI,FT,Data Engineer,US,M
194,SE,FT,Data Scientist,US,M
728,MI,FT,ML Engineer,US,M
951,SE,FT,Data Engineer,US,M
452,SE,FT,Data Engineer,US,M
2990,SE,FT,Machine Learning Engineer,US,M
2044,MI,FT,Data Analyst,US,M
978,SE,FT,Data Analyst,US,M
1513,MI,FT,Data Engineer,US,M
485,MI,FT,Research Scientist,US,M
929,MI,FT,Data Engineer,US,M
596,MI,FT,Data Engineer,US,M
919,SE,FT,Data Analyst,US,M
1913,SE,FT,Applied Scientist,US,M
1986,SE,FT,Research Scientist,US,M
1566,SE,FT,Data Analyst,ES,M
3397,SE,FT,Data Scientist,US,M
1606,EX,FT,Data Scientist,US,M
303,SE,FT,Data Scientist,US,M
717,SE,FT,Data Scientist,US,M
1100,SE,FT,Data Scientist,US,M
705,MI,FT,Data Engineer,GB,M
3249,SE,FT,Data Engineer,US,M
2495,SE,FT,Data Scientist,US,M
2190,SE,FT,Data Engineer,US,M
438,SE,FT,Data Scientist,IE,M
256,SE,FT,Data Analyst,US,M
3546,EN,FT,Data Analyst,FR,M
3125,MI,FT,Data Analyst,SG,M
1045,SE,FT,Data Analyst,US,M
1068,MI,FT,Applied Machine Learning Engineer,US,M
1995,EN,FT,Data Engineer,US,M
528,SE,FT,AI Scientist,IL,L
2926,SE,FT,Data Scientist,US,M
1386,MI,FT,Research Scientist,IN,L
437,SE,FT,Data Scientist,IE,M
1840,SE,FT,Applied Machine Learning Scientist,US,M
3682,EN,FT,Data Engineer,JP,S
2903,SE,FT,Data Engineer,GB,M
2669,SE,FT,Data Analyst,US,M
814,SE,FT,Data Engineer,US,M
845,MI,FT,Research Scientist,US,M
970,MI,FT,Research Scientist,US,M
3471,MI,FT,Data Engineer,FR,M
2802,SE,FT,Data Engineer,US,M
2504,SE,FT,Data Engineer,US,M
1928,SE,FT,Data Engineer,US,M
1208,EN,FT,Research Engineer,GB,M
2092,SE,FT,Data Engineer,US,M
3411,EX,FT,Data Engineer,US,M
950,SE,FT,Data Engineer,US,M
1337,MI,FT,Data Engineer,ES,M
668,SE,FT,Data Scientist,US,M
2283,SE,FT,Data Scientist,US,M
1654,MI,FT,Data Engineer,ES,M
1197,EN,FT,Data Analyst,US,M
2599,SE,FT,Data Scientist,US,M
2427,SE,FT,Cloud Data Engineer,SK,S
2202,SE,FT,Data Engineer,US,M
1953,SE,FT,Data Scientist,ES,M
3705,EN,FT,Big Data Engineer,CH,L
3513,EN,FT,Data Engineer,US,L
3257,SE,FT,Data Analyst,US,M
3136,SE,FT,Machine Learning Engineer,US,L
761,SE,FT,Machine Learning Engineer,US,M
2940,MI,FT,BI Data Analyst,AU,M
263,SE,FT,Data Analyst,US,M
2298,SE,FT,Applied Scientist,US,M
3716,MI,FL,Machine Learning Scientist,PK,M
1788,SE,FT,Data Scientist,US,M
1906,SE,FT,Data Engineer,US,M
3475,MI,FT,ML Engineer,JP,S
787,SE,FT,Machine Learning Engineer,US,M
547,SE,FT,Data Engineer,US,M
1722,SE,FT,Data Engineer,US,M
123,SE,FT,Analytics Engineer,US,M
1660,SE,FT,Machine Learning Engineer,US,M
2205,EN,FT,Machine Learning Research Engineer,DE,L
1811,EN,FT,Data Scientist,US,M
1319,MI,FT,Machine Learning Engineer,GB,M
308,SE,FT,Data Analyst,US,M
1408,SE,FT,Data Manager,US,M
2666,SE,FT,Data Engineer,US,M
60,SE,FT,Data Engineer,US,M
1334,SE,FT,Research Engineer,US,M
2740,SE,FT,Data Scientist,US,M
79,SE,FT,Data Engineer,US,M
2697,SE,FT,Analytics Engineer,US,M
2900,SE,FT,Data Scientist,US,M
542,SE,FT,Data Scientist,US,M
63,SE,FT,Data Scientist,US,M
3164,MI,FT,Data Engineer,GB,M
623,SE,FT,Data Engineer,US,M
2871,EN,FT,Data Scientist,DE,M
3311,EX,FT,Head of Data Science,US,M
3703,MI,FT,Data Scientist,BR,S
2856,SE,FT,Data Engineer,US,M
2469,SE,FT,Data Analyst,US,M
3214,MI,FT,Data Engineer,ES,M
2356,SE,FT,Applied Scientist,US,M
2125,SE,FT,Data Engineer,US,M
1336,MI,FT,Data Scientist,US,M
72,SE,FT,Data Scientist,US,M
1974,SE,FT,Data Analyst,US,M
3302,SE,FT,Data Engineer,US,M
1763,SE,FT,Data Engineer,US,M
2215,MI,FT,Data Analyst,US,L
394,SE,FT,Data Scientist,ES,M
3567,EN,FT,Data Engineer,IN,L
2052,SE,FT,Data Scientist,US,M
1505,SE,FT,Data Engineer,US,M
1374,EX,FT,Data Engineer,US,M
2872,EN,FT,Data Analyst,IN,L
1288,SE,FT,Data Analyst,US,M
138,EN,FT,Data Engineer,US,M
954,MI,FT,Data Analytics Manager,US,M
848,SE,FT,Machine Learning Engineer,US,M
571,SE,FT,Data Analyst,US,M
3447,SE,FT,Research Scientist,FR,L
3217,SE,FT,Data Scientist,US,M
2991,SE,FT,Machine Learning Engineer,US,M
219,MI,FT,AI Developer,FI,M
1988,SE,FT,Data Engineer,US,M
3160,SE,FT,Data Analyst,US,M
2808,SE,FT,Data Engineer,US,M
3472,MI,FT,Data Scientist,US,S
3432,MI,FT,Data Scientist,US,L
137,EN,FT,Data Engineer,US,M
1784,SE,FT,Data Architect,US,M
3448,EN,FT,Data Scientist,AU,M
1595,MI,FT,Data Scientist,TH,L
1492,SE,FT,Data Engineer,US,M
2543,SE,FT,Data Engineer,US,M
3404,SE,FT,Machine Learning Engineer,US,M
1591,SE,FT,Data Scientist,US,M
1648,SE,FT,Data Engineer,US,M
1696,SE,FT,Data Engineer,US,M
166,SE,FT,Machine Learning Engineer,US,M
1626,SE,FT,Machine Learning Engineer,US,M
410,SE,FT,Data Scientist,US,M
497,SE,FT,Data Engineer,US,M
323,SE,FT,AI Developer,CA,S
2403,SE,FT,Data Analyst,US,M
187,EN,FT,Data Analyst,US,M
1774,SE,FT,Computer Vision Engineer,US,M
876,MI,FT,Data Analyst,GB,M
533,SE,FT,Data Scientist,US,M
2628,SE,FT,Data Engineer,US,M
3324,SE,FT,Data Engineer,US,M
2242,MI,FT,Data Specialist,US,M
2608,SE,FT,Data Scientist,US,M
755,SE,FT,Data Engineer,US,M
1728,MI,FT,Research Engineer,US,M
687,SE,FT,Data Science Manager,US,M
2838,MI,FT,Data Operations Engineer,US,M
1520,SE,FT,Data Scientist,US,M
3259,SE,FT,Data Analyst,US,M
1424,SE,FT,Data Analyst,US,M
1460,SE,FT,Data Scientist,US,M
723,SE,FT,Data Analyst,US,M
2781,SE,FT,Data Engineer,US,M
1952,SE,FT,Data Scientist,ES,M
1922,SE,FT,Data Engineer,US,M
1668,MI,FT,Data Analyst,US,M
1577,MI,FT,Data Analyst,US,M
779,SE,FT,ML Engineer,CA,M
3162,SE,FT,Data Analytics Manager,US,M
409,SE,FT,Data Scientist,US,M
1363,SE,FT,Machine Learning Engineer,US,M
1990,MI,FT,Data Engineer,US,M
2021,MI,FT,Data Analyst,US,M
3185,SE,FT,Data Engineer,US,M
2613,SE,FT,Data Scientist,US,M
1685,SE,FT,Applied Scientist,US,M
1262,SE,FT,Machine Learning Engineer,US,M
977,SE,FT,Data Analyst,US,M
2678,MI,FT,Data Scientist,DE,S
1580,SE,FT,Data Architect,US,M
3202,MI,FT,Data Engineer,GB,M
913,MI,FT,Data Engineer,US,M
2887,MI,FT,Financial Data Analyst,US,M
3055,MI,FT,Data Analyst,US,M
380,SE,FT,Data Engineer,US,M
2997,SE,FT,Data Architect,US,M
3490,EN,FT,Data Engineer,US,M
2093,MI,FT,Data Scientist,FR,M
2995,SE,FT,Machine Learning Engineer,US,M
2998,SE,FT,Data Engineer,US,M
3449,SE,FT,Data Scientist,US,M
1882,MI,FT,Data Scientist,US,M
1984,MI,FT,Data Analyst,US,M
1433,SE,FT,Data Scientist,US,M
2848,SE,FT,Data Scientist,US,M
935,SE,FT,Data Engineer,US,M
2661,SE,FT,Data Architect,US,M
2441,SE,FT,Data Engineer,US,M
1717,SE,FT,Data Scientist,US,M
591,EN,FT,Data Scientist,CH,L
699,MI,FT,Data Scientist,US,M
207,SE,FT,Data Engineer,US,M
2450,EN,FT,Data Engineer,GB,M
768,MI,FT,Data Engineer,SI,M
1760,SE,FT,Data Scientist,US,M
1822,SE,FT,Data Engineer,US,M
149,SE,FT,Data Scientist,US,M
2688,SE,FT,Data Engineer,US,M
2788,SE,FT,Data Analyst,US,M
3531,SE,FT,Data Engineer,US,L
962,SE,FT,Research Scientist,US,M
3418,MI,FT,Machine Learning Developer,CA,M
1472,SE,FT,Analytics Engineer,US,M
2585,SE,FT,Data Scientist,US,M
736,EN,FT,AI Programmer,AU,L
2909,EN,FT,Data Scientist,ES,M
3675,EX,CT,Principal Data Scientist,US,S
3597,MI,FT,Data Engineer,TR,M
3116,SE,FT,Data Analyst,US,M
1296,SE,FT,Data Analyst,US,M
3521,SE,FT,Data Analytics Manager,US,M
320,SE,FT,Data Analyst,US,M
3322,SE,FT,Data Engineer,US,M
3359,SE,FT,Data Architect,US,M
2349,EN,FT,Data Engineer,US,M
908,MI,FT,Machine Learning Infrastructure Engineer,US,M
3684,MI,FT,Machine Learning Engineer,BE,M
358,SE,FT,Machine Learning Engineer,US,M
1522,SE,FT,BI Analyst,US,M
1306,SE,FT,Data Scientist,US,M
2421,EN,FT,Data Manager,US,M
1195,SE,FT,Data Architect,US,M
3276,SE,FT,Data Analyst,US,M
2931,SE,FT,Data Specialist,US,M
65,SE,FT,Data Engineer,US,M
142,EN,FT,Data Analyst,US,M
1743,SE,FT,Data Engineer,US,M
2690,MI,FT,Analytics Engineer,US,M
610,SE,FT,Data Analyst,US,M
3331,SE,FT,Data Engineer,US,M
2029,EN,FT,Data Scientist,US,M
1785,SE,FT,Data Architect,US,M
1684,SE,FT,Applied Scientist,US,M
1456,SE,FT,Data Engineer,US,M
1666,SE,FT,Data Engineer,US,M
2898,SE,FT,Analytics Engineer,GB,M
2311,SE,FT,Data Engineer,US,M
3601,SE,FT,Big Data Architect,CA,M
2238,SE,FT,Data Engineer,ES,M
1189,MI,FT,Data Engineer,US,M
3479,MI,FL,Data Scientist,US,M
3547,SE,FT,Data Analyst,US,S
3438,EN,FT,Data Scientist,CA,L
270,SE,FT,Analytics Engineer,US,M
3119,EN,FT,Data Engineer,IN,L
4,SE,FT,Data Scientist,CA,M
1838,SE,FT,Data Engineer,US,M
2696,SE,FT,Analytics Engineer,US,M
2057,SE,FT,Data Analyst,US,M
1061,SE,FT,Data Manager,US,M
2952,SE,FT,ETL Developer,US,M
54,SE,FT,Data Engineer,US,M
2505,SE,FT,Data Engineer,US,M
2141,SE,FT,Data Engineer,US,M
3192,EX,FT,Head of Machine Learning,IN,L
180,SE,FT,Data Engineer,US,M
586,MI,FT,Data Scientist,GB,M
1683,MI,FT,Machine Learning Engineer,US,L
3092,SE,FT,Data Specialist,US,L
3194,SE,FT,Data Engineer,US,L
1832,SE,FT,Data Science Consultant,US,M
3175,SE,FT,Data Analyst,US,M
233,SE,FT,Data Scientist,US,M
1205,EN,FT,Data Scientist,US,M
990,MI,FT,Machine Learning Engineer,US,M
780,SE,FT,ML Engineer,CA,M
1560,SE,FT,Research Scientist,US,M
3437,SE,FT,Head of Data,US,M
491,SE,FT,Data Engineer,US,M
1643,SE,FT,Data Lead,US,M
1385,SE,FT,Data Scientist,US,M
3372,SE,FT,Data Analyst,US,M
830,SE,FT,Data Scientist,US,M
377,SE,FT,Machine Learning Engineer,US,M
3315,SE,FT,Data Engineer,US,L
2945,SE,FT,Analytics Engineer,US,M
3328,SE,FT,Analytics Engineer,US,M
1731,SE,FT,Data Engineer,US,M
1355,SE,FT,Machine Learning Engineer,US,M
2315,MI,FT,Data Engineer,US,M
1139,SE,FT,Machine Learning Software Engineer,US,M
86,SE,FT,Business Intelligence Engineer,US,M
2232,SE,FT,Data Architect,US,M
2722,SE,FT,Data Scientist Lead,US,L
1651,SE,FT,Data Scientist,US,M
407,SE,FT,Machine Learning Engineer,US,M
396,EN,FT,Data Engineer,US,M
3095,MI,FT,Data Engineer,GB,M
1204,SE,FT,Data Manager,US,M
2680,SE,FT,BI Analyst,NG,S
2347,SE,FT,Machine Learning Engineer,US,M
1637,SE,FT,Data Engineer,US,M
3134,SE,FT,Data Scientist,US,L
3629,EN,FT,Machine Learning Engineer,DE,S
2482,SE,FT,Data Analyst,US,M
1026,SE,FT,Data Engineer,US,M
1641,SE,FT,Research Scientist,US,M
282,SE,FT,Data Analyst,US,M
1093,SE,FT,Data Engineer,US,M
2224,SE,FT,Data Engineer,US,M
1498,SE,FT,Data Scientist,US,M
1274,SE,FT,Data Engineer,US,M
912,MI,FT,Data Engineer,US,M
2884,SE,FT,Data Scientist,US,M
2024,MI,FT,MLOps Engineer,US,M
1647,SE,FT,Data Engineer,US,M
2673,SE,FT,Data Scientist,US,M
679,SE,FT,Data Analyst,US,M
1782,SE,FT,Data Scientist,US,M
2300,SE,FT,Data Engineer,US,M
1542,MI,FT,Data Engineer,US,M
2924,SE,FT,Data Scientist,US,M
2536,SE,FT,Data Scientist,US,L
191,MI,FT,Machine Learning Engineer,US,M
3533,EN,FT,Data Analyst,US,S
1671,SE,FT,Research Scientist,US,M
812,MI,FT,Data Science Consultant,US,M
1801,MI,FT,Machine Learning Engineer,GB,M
2456,SE,FT,Data Engineer,US,M
2970,MI,FT,Applied Machine Learning Scientist,US,M
3412,SE,FT,Data Engineer,US,M
2178,SE,FT,Data Analyst,US,M
144,SE,FT,Data Analyst,US,M
1535,SE,FT,Data Engineer,US,M
192,SE,FT,Data Scientist,US,M
2961,SE,FT,Analytics Engineer,US,M
2570,SE,FT,Marketing Data Analyst,GB,S
347,SE,FT,Data Scientist,US,M
516,EN,FT,Research Engineer,US,M
1726,SE,FT,Data Engineer,PT,M
51,SE,FT,Data Scientist,US,M
499,SE,FT,Data Engineer,US,M
3572,MI,FT,Data Engineer,US,L
2611,SE,FT,Data Scientist,US,S
3265,SE,FT,Data Analyst,US,M
2341,SE,FT,Machine Learning Engineer,US,M
2706,SE,FT,Data Engineer,US,M
1490,SE,FT,Data Analyst,US,M
3421,MI,FT,Machine Learning Engineer,US,S
1135,MI,FT,Machine Learning Engineer,US,M
2158,MI,FT,Data Analyst,US,M
487,SE,FT,Data Scientist,US,M
561,MI,FT,Data Analyst,US,M
1079,SE,FT,Data Engineer,US,M
3207,SE,FT,Machine Learning Engineer,US,M
2683,SE,FT,Lead Machine Learning Engineer,PT,L
2385,SE,FT,Data Engineer,US,M
1688,MI,FT,Data Analyst,US,M
3536,EN,PT,AI Scientist,US,M
2707,SE,FT,Data Engineer,US,M
2447,EX,FT,Head of Data,US,M
681,SE,FT,Analytics Engineer,US,M
450,MI,FT,Data Analyst,US,M
878,SE,FT,Data Engineer,US,M
893,SE,FT,Data Engineer,US,M
193,SE,FT,Data Scientist,US,M
1867,EN,FT,Machine Learning Developer,AU,M
3347,MI,FT,Data Scientist,US,M
